problem_id,language,reference_length,cand_1_codebleu,cand_1_compile,cand_1_pass,cand_2_codebleu,cand_2_compile,cand_2_pass,cand_3_codebleu,cand_3_compile,cand_3_pass,cand_4_codebleu,cand_4_compile,cand_4_pass,cand_5_codebleu,cand_5_compile,cand_5_pass,cand_6_codebleu,cand_6_compile,cand_6_pass,cand_7_codebleu,cand_7_compile,cand_7_pass,cand_8_codebleu,cand_8_compile,cand_8_pass,cand_9_codebleu,cand_9_compile,cand_9_pass,cand_10_codebleu,cand_10_compile,cand_10_pass,cand_11_codebleu,cand_11_compile,cand_11_pass,cand_12_codebleu,cand_12_compile,cand_12_pass,cand_13_codebleu,cand_13_compile,cand_13_pass,cand_14_codebleu,cand_14_compile,cand_14_pass,cand_15_codebleu,cand_15_compile,cand_15_pass,cand_16_codebleu,cand_16_compile,cand_16_pass
0,dart,687,0.69044,1,0,0.53962,0,0,0.61135,0,0,0.69529,1,0,0.69552,1,0,0.68753,1,0,0.70567,1,0,0.71048,1,0,0.71365,1,0,0.68976,0,0,0.47472,0,0,0.63158,1,0,0.73463,1,1,0.51418,0,0,0.725,1,0,0.70822,1,0
1,dart,1184,0.71063,1,0,0.65703,0,0,0.67469,1,0,0.37903,0,0,0.66409,1,0,0.52262,0,0,0.69331,1,0,0.59452,0,0,0.6897,0,0,0.70077,0,0,0.72213,1,1,0.69969,0,0,0.65901,0,0,0.67904,1,0,0.63009,1,0,0.68788,0,0
2,dart,301,0.64131,0,0,0.69265,0,0,0.67184,0,0,0.67415,1,0,0.68655,0,0,0.72888,1,1,0.73123,0,0,0.64491,0,0,0.4235,1,0,0.69265,0,0,0.57749,0,0,0.63861,0,0,0.696,1,0,0.64187,1,0,0.62827,0,0,0.42223,1,0
3,dart,471,0.7288,1,0,0.69451,1,0,0.70151,1,0,0.6828,1,1,0.74073,1,0,0.74403,1,1,0.70228,1,1,0.6874,1,0,0.69964,1,0,0.71205,1,0,0.6404,1,0,0.64674,1,0,0.64395,1,1,0.71288,1,0,0.73443,1,0,0.69302,1,0
4,dart,611,0.53967,1,0,0.75,0,0,0.4939,1,1,0.61122,1,1,0.65404,1,0,0.55994,1,1,0.66063,0,0,0.63468,1,1,0.56724,1,0,0.69449,0,0,0.56808,0,0,0.62807,1,1,0.53079,1,1,0.58514,0,0,0.50613,1,1,0.53497,1,1
5,dart,564,0.81242,1,1,0.77432,1,1,0.7846,1,1,0.7846,1,1,0.7125,0,0,0.81242,1,1,0.7846,1,1,0.82519,1,1,0.67616,0,0,0.80867,1,1,0.76946,1,1,0.66858,1,0,0.74541,1,1,0.76223,1,1,0.77432,1,1,0.75501,0,0
6,dart,852,0.53247,0,0,0.41829,0,0,0.63475,1,0,0.58414,0,0,0.61704,1,0,0.60767,0,0,0.64958,0,0,0.64126,1,0,0.69251,1,0,0.69605,1,0,0.60559,1,0,0.63588,0,0,0.70203,1,0,0.62108,1,0,0.6963,0,0,0.70655,1,0
7,dart,547,0.74185,1,1,0.74185,1,1,0.74185,1,1,0.58591,1,1,0.74185,1,1,0.74185,1,1,0.58591,1,1,0.74185,1,1,0.74185,1,1,0.74185,1,1,0.74185,1,1,0.61345,1,1,0.74185,1,1,0.61345,1,1,0.74185,1,1,0.58591,1,1
8,dart,598,0.60853,1,0,0.49649,1,0,0.60331,0,0,0.68639,1,0,0.64588,1,0,0.58011,1,0,0.63414,0,0,0.58898,1,0,0.62013,1,0,0.58247,0,0,0.6095,1,0,0.70717,1,0,0.60172,0,0,0.70103,1,0,0.53851,1,0,0.7127,1,0
9,dart,807,0.58067,1,0,0.62767,1,1,0.62767,1,1,0.6406,1,1,0.63396,1,1,0.63442,1,1,0.63143,1,1,0.71836,1,1,0.6286,1,0,0.62618,1,1,0.67206,1,1,0.62154,0,0,0.64316,1,1,0.65199,1,1,0.63798,1,0,0.63341,1,1
10,dart,798,0.6253,1,0,0.6249,0,0,0.61071,0,0,0.71094,1,0,0.61803,1,0,0.60066,1,0,0.57318,1,0,0.58133,1,0,0.28634,0,0,0.50028,0,0,0.60809,0,0,0.34162,1,0,0.61552,0,0,0.7393,1,0,0.68315,1,0,0.65246,0,0
11,dart,629,0.72601,1,1,0.6476,1,0,0.62294,0,0,0.70418,1,0,0.62062,0,0,0.64002,1,0,0.67438,1,1,0.62288,1,1,0.63579,1,0,0.67835,1,1,0.70292,1,1,0.5229,0,0,0.64434,1,1,0.67837,1,1,0.69703,1,1,0.67289,0,0
12,dart,534,0.32161,1,1,0.6147,1,0,0.47474,0,0,0.32094,1,1,0.60639,1,0,0.63667,1,1,0.59627,1,0,0.5621,1,0,0.60639,1,0,0.54127,0,0,0.63691,1,0,0.61323,1,0,0.62204,1,0,0.49951,1,0,0.62364,1,1,0.61634,1,0
13,dart,491,0.67478,1,1,0.72142,1,1,0.73556,1,1,0.74398,1,1,0.73556,1,1,0.74398,1,1,0.6722,1,1,0.72142,1,1,0.58936,1,0,0.55677,0,0,0.7821,1,1,0.73556,1,1,0.74398,1,1,0.51387,0,0,0.73556,1,1,0.74398,1,1
14,dart,381,0.78102,1,1,0.76218,1,1,0.75191,1,1,0.73799,1,1,0.75032,1,1,0.76737,1,1,0.72723,1,1,0.78301,1,1,0.79563,1,1,0.78344,1,1,0.79101,1,1,0.73752,1,1,0.71085,1,1,0.76737,1,1,0.72529,1,1,0.73875,1,1
15,dart,542,0.51861,0,0,0.51749,1,1,0.59494,1,1,0.57516,1,1,0.52135,1,1,0.57726,1,1,0.52314,1,0,0.55973,1,0,0.52191,0,0,0.57267,1,1,0.44398,0,0,0.58627,1,1,0.58826,1,1,0.55881,0,0,0.51101,1,1,0.70621,0,0
16,dart,319,0.59537,0,0,0.47375,1,0,0.60686,1,0,0.49918,0,0,0.49065,0,0,0.51261,0,0,0.56312,1,0,0.42731,0,0,0.76251,1,0,0.45175,1,0,0.51158,0,0,0.49571,0,0,0.59729,0,0,0.50451,1,0,0.45416,0,0,0.42672,0,0
17,dart,636,0.75,0,0,0.49183,0,0,0.75,0,0,0.48783,0,0,0.49302,1,0,0.4503,1,0,0.52685,1,0,0.521,0,0,0.46239,0,0,0.54764,0,0,0.46271,0,0,0.52086,1,0,0.50136,0,0,0.52859,1,0,0.41959,1,0,0.47022,0,0
18,dart,486,0.60004,1,1,0.69619,1,0,0.76815,1,1,0.66763,1,0,0.75977,1,1,0.60818,1,1,0.61449,1,1,0.74506,1,1,0.61561,1,0,0.63655,1,1,0.78239,1,1,0.77014,1,1,0.70826,0,1,0.76815,1,1,0.73568,1,1,0.74045,1,1
19,dart,702,0.73986,0,0,0.5511,1,0,0.72118,0,0,0.74351,0,0,0.65681,1,0,0.73243,0,0,0.53409,1,0,0.4243,1,0,0.47727,0,0,0.61382,0,0,0.54823,1,0,0.68714,0,0,0.52912,0,0,0.36293,0,0,0.69875,0,0,0.55074,0,0
20,dart,1013,0.67577,0,0,0.60445,1,0,0.46542,0,0,0.63461,1,0,0.54738,0,0,0.50393,0,0,0.53266,0,0,0.60926,0,0,0.50867,1,0,0.64939,1,0,0.68489,1,0,0.57712,0,0,0.65509,0,0,0.59846,0,0,0.49743,0,0,0.54595,0,0
21,dart,701,0.74214,1,1,0.70535,1,0,0.72479,1,0,0.70139,1,1,0.71384,1,1,0.71565,1,1,0.67035,0,0,0.7113,1,0,0.65866,1,1,0.70534,1,1,0.34993,1,1,0.68328,1,1,0.56007,1,1,0.66889,0,0,0.72012,1,1,0.66939,1,0
22,dart,917,0.75002,1,1,0.75002,1,1,0.58405,1,0,0.62953,0,0,0.75002,1,1,0.75002,1,1,0.64956,1,1,0.75002,1,1,0.75002,1,1,0.62953,0,0,0.69174,1,1,0.65007,0,0,0.75002,1,1,0.5055,1,0,0.58678,1,1,0.65677,0,0
24,dart,420,0.67368,1,0,0.62675,1,0,0.60336,0,0,0.60595,1,1,0.60124,1,0,0.6692,1,1,0.68018,1,1,0.72686,1,1,0.60547,1,0,0.69933,1,1,0.66313,0,0,0.6581,1,1,0.60195,0,0,0.58611,1,0,0.6149,1,1,0.64448,0,0
26,dart,565,0.74163,1,0,0.60098,1,0,0.70941,1,0,0.74163,1,0,0.60207,0,0,0.69657,1,0,0.62587,0,0,0.64592,1,0,0.63169,0,0,0.67582,1,0,0.62518,0,0,0.6773,0,0,0.66597,1,0,0.67582,1,0,0.66108,0,0,0.68129,0,0
27,dart,753,0.65619,0,0,0.73959,1,1,0.67216,0,0,0.61203,1,0,0.67281,1,1,0.67892,0,0,0.73252,1,1,0.73959,1,1,0.74119,1,1,0.59467,0,0,0.6898,1,0,0.58722,0,0,0.70029,0,0,0.73959,1,1,0.57542,1,0,0.54901,0,0
28,dart,373,0.48594,1,0,0.75068,1,1,0.40356,0,0,0.75068,1,1,0.66163,1,1,0.64063,1,1,0.75068,1,1,0.48609,1,0,0.75029,1,1,0.39705,0,0,0.4623,1,0,0.35315,0,0,0.4252,1,1,0.75068,1,1,0.75068,1,1,0.60106,0,0
29,dart,671,0.73936,1,1,0.73408,1,1,0.73408,1,1,0.73936,1,1,0.73936,1,1,0.73936,1,1,0.73936,1,1,0.73936,1,1,0.57476,1,1,0.73936,1,1,0.73408,1,1,0.73936,1,1,0.73936,1,1,0.73936,1,1,0.73846,0,0,0.73936,1,1
30,dart,329,0.75442,1,1,0.77148,1,1,0.77148,1,1,0.6032,1,1,0.75442,1,1,0.5867,1,1,0.75442,1,1,0.7495,1,1,0.56068,0,0,0.6032,0,0,0.58836,1,1,0.58449,1,1,0.56068,1,1,0.56068,1,1,0.58704,0,0,0.75442,1,1
31,dart,502,0.70405,0,0,0.72259,1,1,0.73235,1,1,0.68912,1,1,0.72259,1,1,0.72604,0,0,0.73235,1,1,0.66625,0,0,0.67268,1,1,0.73235,1,1,0.7066,0,0,0.66167,0,0,0.63137,0,0,0.71848,0,0,0.62013,1,0,0.73226,1,1
33,dart,616,0.67135,0,0,0.63979,0,0,0.63846,1,0,0.64049,0,0,0.21104,0,0,0.63881,1,0,0.67928,0,0,0.58459,1,0,0.75002,1,0,0.71607,1,0,0.66208,0,0,0.52123,0,0,0.55924,0,0,0.62518,1,0,0.7517,1,0,0.71398,1,0
34,dart,643,0.51844,0,0,0.53889,0,0,0.51008,0,0,0.57716,0,0,0.65371,1,0,0.52008,0,0,0.50179,1,0,0.55214,1,0,0.54163,1,0,0.73841,1,0,0.54306,0,0,0.56365,1,0,0.60282,1,0,0.73841,1,0,0.5483,0,0,0.57022,1,0
35,dart,346,0.62758,1,1,0.23618,0,0,0.63932,0,0,0.20826,0,0,0.73355,1,0,0.56388,0,0,0.12772,1,0,0.62758,1,1,0.62574,1,0,0.71966,0,0,0.54285,1,0,0.58916,0,0,0.67617,1,1,0.71267,1,0,0.57619,1,1,0.62011,1,1
36,dart,448,0.68167,1,0,0.60787,1,0,0.59668,1,0,0.63572,1,0,0.69479,1,0,0.62779,0,0,0.64169,1,0,0.70566,0,0,0.61785,1,0,0.56136,0,0,0.58739,1,0,0.57194,1,0,0.65285,1,0,0.63572,1,0,0.46989,1,0,0.62645,1,0
37,dart,579,0.76225,1,0,0.77333,0,0,0.75847,1,0,0.73375,0,0,0.72798,1,0,0.66114,1,0,0.69305,0,0,0.65616,0,0,0.73507,1,0,0.74893,1,0,0.73148,1,0,0.7352,1,0,0.77093,1,0,0.69707,1,0,0.70835,1,0,0.62798,1,0
39,dart,664,0.61991,1,0,0.62257,0,0,0.67538,1,0,0.66228,1,0,0.70272,1,0,0.65876,0,0,0.68999,0,0,0.63001,0,0,0.6262,0,0,0.54567,0,0,0.64971,1,0,0.66593,0,0,0.65877,0,0,0.66343,0,0,0.70662,1,0,0.64133,0,0
40,dart,607,0.75098,1,1,0.736,1,0,0.40957,1,0,0.35059,0,0,0.38669,1,1,0.65378,1,1,0.72426,1,0,0.60012,0,0,0.77881,1,1,0.64567,0,0,0.31089,1,0,0.39668,1,1,0.71463,1,1,0.79747,1,1,0.65154,1,1,0.22143,0,0
41,dart,422,0.72509,1,1,0.65383,1,0,0.49253,1,0,0.60054,0,0,0.54085,0,0,0.70478,1,0,0.6262,0,0,0.69289,1,0,0.72509,1,1,0.52956,1,0,0.72509,1,1,0.72509,1,1,0.72509,1,1,0.57583,0,0,0.63273,1,0,0.75004,1,1
42,dart,235,0.39794,0,0,0.60945,1,0,0.4601,1,0,0.50069,1,0,0.55651,0,0,0.45172,0,0,0.58324,1,0,0.44091,1,0,0.43244,1,0,0.55597,1,0,0.44432,1,0,0.52947,1,0,0.44565,1,0,0.38681,1,0,0.56407,0,0,0.4633,0,0
43,dart,528,0.66269,1,0,0.54873,0,0,0.60853,0,0,0.65819,1,1,0.72389,1,1,0.74727,1,0,0.79318,1,1,0.76165,1,1,0.68525,0,0,0.3352,0,0,0.60988,0,0,0.69822,1,0,0.70707,1,0,0.66519,0,0,0.67759,1,1,0.47507,0,0
44,dart,347,0.7001,1,0,0.70455,0,0,0.65619,0,0,0.53006,0,1,0.69494,1,1,0.78444,1,1,0.6291,0,0,0.64581,1,1,0.75795,1,1,0.7151,1,1,0.76444,1,1,0.58527,0,0,0.59555,0,0,0.68271,0,0,0.6912,1,1,0.66796,1,1
45,dart,292,0.6903,1,1,0.72509,1,1,0.6903,1,1,0.72509,1,1,0.72509,1,1,0.72509,1,1,0.72509,1,1,0.71978,1,1,0.72509,1,1,0.73879,1,1,0.71978,1,1,0.72509,1,1,0.72509,1,1,0.72509,1,1,0.72509,1,1,0.6903,1,1
46,dart,657,0.36305,1,0,0.59765,0,0,0.62083,1,0,0.69915,1,0,0.56365,0,0,0.55735,0,0,0.59064,0,0,0.47477,1,0,0.70197,1,0,0.46401,1,0,0.63141,1,0,0.66539,0,0,0.68893,1,0,0.60054,1,0,0.65175,1,0,0.54027,0,0
47,dart,429,0.67669,0,0,0.74689,1,0,0.69147,0,0,0.66967,0,0,0.68665,0,0,0.74062,0,0,0.73225,1,1,0.69545,0,0,0.73576,0,0,0.70317,0,0,0.74524,0,0,0.7022,0,0,0.71092,1,0,0.70912,0,0,0.75866,0,0,0.58848,0,0
48,dart,444,0.68639,1,1,0.67868,1,1,0.67868,1,1,0.68639,1,1,0.67868,1,1,0.67022,0,0,0.29067,1,1,0.67156,1,1,0.67868,1,1,0.68639,1,1,0.71778,1,1,0.67633,1,1,0.69112,1,1,0.69112,1,1,0.67868,1,1,0.68639,1,1
49,dart,381,0.52584,0,0,0.56082,1,0,0.57724,0,0,0.47619,1,0,0.51879,0,0,0.57546,0,0,0.5259,0,0,0.60669,0,0,0.57964,1,0,0.53599,0,0,0.52824,0,0,0.5848,0,0,0.57816,0,0,0.61353,0,0,0.54883,1,0,0.54558,0,0
51,dart,540,0.73155,1,0,0.71795,0,0,0.72194,1,1,0.71867,1,1,0.72517,1,1,0.72517,1,1,0.72194,1,1,0.71587,1,0,0.73003,1,0,0.71795,0,0,0.72517,1,1,0.72517,1,1,0.71015,1,1,0.74834,1,1,0.58184,0,0,0.53277,0,0
52,dart,479,0.60901,1,0,0.75011,1,0,0.55031,1,0,0.64186,0,0,0.44492,1,0,0.61383,1,0,0.60643,1,0,0.59411,1,0,0.75011,1,0,0.44932,0,0,0.5649,1,0,0.47435,0,0,0.58277,1,0,0.61523,1,0,0.65214,1,0,0.5991,1,0
53,dart,212,0.75458,1,1,0.75458,1,1,0.70859,1,1,0.75458,1,1,0.75458,1,1,0.75458,1,1,0.75458,1,1,0.75458,1,1,0.75458,1,1,0.75458,1,1,0.75458,1,1,0.75458,1,1,0.75458,1,1,0.75458,1,1,0.75458,1,1,0.75458,1,1
54,dart,571,0.49548,1,0,0.32432,0,0,0.64674,0,0,0.7232,0,0,0.51753,0,0,0.5065,0,0,0.43449,0,0,0.49241,0,0,0.46773,1,0,0.48489,1,0,0.42892,0,0,0.50564,1,0,0.55152,0,0,0.43494,0,0,0.55725,0,0,0.47978,0,0
55,dart,474,0.52264,1,1,0.5566,1,0,0.49733,1,1,0.50499,1,0,0.51166,1,1,0.49982,0,0,0.53921,1,0,0.52289,0,1,0.52498,1,1,0.50173,1,1,0.50902,1,0,0.52994,1,1,0.5118,1,0,0.51438,0,0,0.54166,1,1,0.52513,1,1
56,dart,578,0.68492,1,1,0.74163,1,1,0.6725,1,1,0.72369,1,1,0.73929,1,1,0.75026,1,1,0.69091,1,1,0.59901,0,0,0.71374,1,1,0.71602,1,1,0.70743,1,1,0.74782,1,1,0.72086,1,1,0.73929,1,1,0.74995,1,0,0.74117,1,1
57,dart,620,0.5525,1,0,0.67912,0,0,0.72099,1,0,0.68719,1,0,0.56046,0,0,0.59604,1,0,0.66025,1,0,0.72927,1,0,0.34725,1,0,0.4708,0,0,0.67782,1,0,0.64258,1,0,0.58555,1,0,0.60297,1,0,0.66334,0,0,0.53396,0,0
58,dart,425,0.70086,0,0,0.62541,0,0,0.65312,1,0,0.67779,0,0,0.67794,1,0,0.65061,0,0,0.67817,1,0,0.62691,0,0,0.63964,1,0,0.69687,0,0,0.64293,1,0,0.67974,1,0,0.64663,0,0,0.64497,1,0,0.66146,0,0,0.64359,1,0
59,dart,515,0.6142,0,0,0.61624,0,0,0.67378,1,1,0.53791,1,0,0.64938,1,0,0.61126,1,0,0.64904,1,1,0.61889,1,1,0.63716,1,1,0.64661,0,0,0.65481,1,1,0.66676,1,1,0.6764,1,1,0.63775,0,0,0.65216,1,0,0.66183,1,1
60,dart,312,0.57883,1,1,0.57892,1,1,0.58221,0,0,0.58666,0,0,0.66957,1,1,0.71284,1,1,0.57892,1,1,0.57892,1,1,0.57892,1,1,0.57892,1,1,0.57892,1,1,0.62745,1,0,0.58666,0,0,0.53184,0,0,0.69026,1,1,0.58864,1,1
61,dart,578,0.70634,1,1,0.65111,1,0,0.67762,0,0,0.65553,1,1,0.72597,1,1,0.73934,1,1,0.67081,1,0,0.70275,1,1,0.74925,0,0,0.70886,1,0,0.73889,1,1,0.63814,0,0,0.73411,1,1,0.7375,1,1,0.66132,0,0,0.66504,0,0
62,dart,462,0.61691,0,0,0.37534,1,0,0.72665,0,0,0.62344,0,0,0.59853,0,0,0.55751,0,0,0.60714,0,0,0.63735,1,0,0.5357,0,0,0.6206,0,0,0.68309,1,0,0.52924,0,0,0.64262,1,0,0.60246,0,0,0.65363,1,0,0.64021,1,0
63,dart,563,0.55274,1,0,0.54246,1,0,0.51702,1,0,0.56588,1,0,0.49107,1,0,0.54729,1,0,0.53768,1,0,0.53789,1,0,0.51811,1,0,0.55884,1,0,0.49483,1,0,0.54137,0,0,0.51538,0,0,0.52148,1,0,0.54824,1,0,0.54634,0,0
64,dart,836,0.70325,1,0,0.70382,1,0,0.68337,1,0,0.63401,1,0,0.66173,0,0,0.70893,1,0,0.51843,0,0,0.64804,0,0,0.68337,1,0,0.64185,1,0,0.63098,1,0,0.64038,1,0,0.68298,1,0,0.62967,0,0,0.70325,1,0,0.64441,1,0
65,dart,614,0.67225,1,0,0.6048,0,0,0.70441,1,0,0.65273,1,0,0.67009,0,0,0.6243,1,0,0.72755,1,0,0.634,0,0,0.68382,0,0,0.63589,1,0,0.55146,0,0,0.60442,0,0,0.62629,0,0,0.60212,1,0,0.5824,0,0,0.63718,1,0
66,dart,583,0.4852,0,0,0.67731,0,0,0.58313,0,0,0.6607,1,0,0.63722,0,0,0.67646,1,0,0.65972,1,0,0.62179,0,0,0.67144,1,0,0.61788,0,0,0.68815,0,0,0.65647,0,0,0.69865,0,0,0.63337,1,0,0.59547,0,0,0.68345,0,0
67,dart,519,0.66851,0,0,0.48554,0,0,0.6054,0,0,0.56889,0,0,0.50525,0,0,0.36085,0,0,0.38302,0,0,0.48319,0,0,0.49815,0,0,0.42111,1,0,0.56833,0,0,0.54219,0,0,0.2707,0,0,0.60663,1,0,0.4787,0,0,0.603,1,0
68,dart,717,0.56741,0,0,0.52565,1,0,0.58624,0,0,0.54794,0,0,0.55587,0,0,0.6106,1,0,0.59923,0,0,0.56114,1,0,0.23146,1,0,0.65282,0,0,0.62726,0,0,0.59354,1,0,0.51872,1,0,0.60044,1,0,0.55352,0,0,0.56465,1,0
69,dart,555,0.62965,0,0,0.56882,0,0,0.23808,0,0,0.44723,1,0,0.58901,1,0,0.687,1,0,0.64735,1,0,0.12693,1,0,0.665,0,0,0.61293,1,0,0.65573,1,0,0.60674,1,0,0.61212,1,0,0.67174,1,0,0.7055,0,0,0.63495,0,0
70,dart,861,0.34969,1,0,0.57665,1,0,0.62224,0,0,0.28435,1,0,0.37427,1,0,0.50703,0,0,0.55427,1,0,0.51517,0,0,0.55773,0,0,0.59922,1,0,0.60235,0,0,0.63636,0,0,0.36745,0,0,0.46724,0,0,0.32264,1,0,0.62236,1,0
71,dart,433,0.83495,0,0,0.74108,0,0,0.84296,0,0,0.84296,0,0,0.83495,0,0,0.75265,0,0,0.84641,0,0,0.71793,0,0,0.85488,0,0,0.74969,0,0,0.7541,0,0,0.745,0,0,0.83495,0,0,0.71511,0,0,0.82059,0,0,0.8156,0,0
72,dart,511,0.62839,0,0,0.63717,1,0,0.60394,0,0,0.662,0,0,0.57114,0,0,0.62126,1,0,0.62604,1,0,0.71,1,0,0.70707,1,0,0.65432,1,0,0.66115,1,0,0.22937,0,0,0.66155,1,0,0.60806,0,0,0.4559,0,0,0.7273,1,0
73,dart,424,0.29303,1,0,0.59512,0,0,0.38842,0,0,0.49173,0,0,0.57369,0,0,0.47223,1,0,0.58275,0,0,0.58916,0,0,0.48782,0,0,0.5459,1,0,0.34464,0,0,0.55609,1,0,0.38268,0,0,0.58765,0,0,0.55864,0,0,0.34863,0,0
74,dart,607,0.65144,1,0,0.59885,0,0,0.5242,0,0,0.60818,1,0,0.58031,0,0,0.51331,1,0,0.59532,1,0,0.65875,1,0,0.64788,1,0,0.5668,0,0,0.59516,1,0,0.63244,1,0,0.52061,0,0,0.47794,0,0,0.54114,1,0,0.63947,1,0
75,dart,777,0.35113,0,0,0.68639,0,0,0.66056,0,0,0.70812,1,0,0.64578,0,0,0.62166,0,0,0.69214,1,0,0.67295,0,0,0.67629,1,0,0.64508,1,0,0.66151,1,0,0.66367,0,0,0.69792,1,0,0.59999,0,0,0.37351,1,0,0.62839,0,0
76,dart,488,0.56031,0,0,0.63224,0,0,0.56313,0,0,0.59072,0,0,0.64767,0,0,0.62171,0,0,0.63958,0,0,0.63758,0,0,0.70308,0,0,0.48467,0,0,0.52413,0,0,0.50378,0,0,0.59726,1,0,0.52794,0,0,0.61952,0,0,0.58107,0,0
77,dart,418,0.65516,0,0,0.71303,0,0,0.60049,0,0,0.51015,0,0,0.62956,0,0,0.56244,0,0,0.56119,1,0,0.68098,0,0,0.62666,0,0,0.61111,0,0,0.56701,0,0,0.62116,0,0,0.53947,0,0,0.49961,0,0,0.57484,0,0,0.55705,0,0
78,dart,527,0.6828,1,0,0.54886,1,0,0.49259,1,0,0.58746,1,0,0.4857,0,0,0.50054,0,0,0.52414,0,0,0.55389,0,0,0.53309,0,0,0.61313,1,0,0.57375,0,0,0.64224,1,0,0.47311,0,0,0.70168,1,0,0.53643,0,0,0.62494,1,0
79,dart,462,0.51331,0,0,0.43311,0,0,0.45772,0,0,0.48439,0,0,0.47748,0,0,0.51004,0,0,0.53223,0,0,0.44903,0,0,0.51782,1,1,0.53106,1,1,0.44803,1,0,0.43552,0,0,0.4833,1,0,0.38742,0,0,0.4155,0,0,0.43158,0,0
80,dart,542,0.72457,0,0,0.65801,0,0,0.61896,0,0,0.51687,0,0,0.52173,0,0,0.34101,0,0,0.26911,0,0,0.6308,1,0,0.65042,0,0,0.58562,0,0,0.6967,1,0,0.59179,1,0,0.67927,1,0,0.60021,0,0,0.60561,0,0,0.64313,0,0
81,dart,1323,0.7509,1,0,0.70952,1,0,0.82887,1,0,0.6625,0,0,0.74625,1,0,0.52179,0,0,0.65372,0,0,0.58878,0,0,0.56132,0,0,0.61515,0,0,0.59481,0,0,0.62417,1,0,0.78074,1,0,0.69519,1,0,0.58654,0,0,0.76823,0,0
82,dart,663,0.68592,1,1,0.68664,1,1,0.71055,1,1,0.6788,1,1,0.58895,1,0,0.57705,1,0,0.69191,1,1,0.705,1,1,0.66247,0,0,0.67332,0,0,0.65845,1,1,0.63397,0,0,0.61558,1,0,0.68452,0,0,0.72044,1,0,0.71416,1,1
83,dart,404,0.6147,0,0,0.60234,0,0,0.55739,0,0,0.57534,0,0,0.45135,0,0,0.56854,0,0,0.565,1,0,0.66985,0,0,0.75022,0,0,0.67361,0,0,0.55263,1,0,0.65642,0,0,0.50299,1,0,0.58185,0,0,0.45101,0,0,0.6022,0,0
84,dart,535,0.45041,1,0,0.62164,0,0,0.13731,1,0,0.55416,1,0,0.19623,1,0,0.4126,1,1,0.41989,0,0,0.42644,0,0,0.45329,1,0,0.43743,1,1,0.52281,0,0,0.49783,0,0,0.12198,0,0,0.43341,0,0,0.54387,0,0,0.48404,1,0
85,dart,398,0.51833,1,0,0.62443,1,0,0.62919,1,0,0.70797,1,0,0.64132,1,0,0.60546,0,0,0.61835,1,0,0.65451,1,0,0.6256,1,0,0.62475,1,0,0.59713,1,0,0.59872,1,0,0.68718,1,0,0.56173,1,0,0.50911,1,0,0.6701,1,0
86,dart,580,0.47934,1,0,0.49162,0,0,0.49369,1,0,0.46049,0,0,0.53079,0,0,0.74341,0,0,0.39844,0,0,0.43194,0,0,0.51335,0,0,0.53108,0,0,0.4421,0,0,0.57838,0,0,0.47886,0,0,0.53982,0,0,0.47622,0,0,0.37653,0,0
87,dart,972,0.64203,0,0,0.63817,0,0,0.56174,1,0,0.62201,0,0,0.57962,0,0,0.65692,0,0,0.70879,0,0,0.64053,0,0,0.65821,1,0,0.62282,0,0,0.64395,0,0,0.57172,0,0,0.6568,0,0,0.72506,1,0,0.70226,0,0,0.65728,0,0
88,dart,570,0.53531,1,0,0.62782,0,0,0.58152,0,0,0.59789,1,0,0.46607,0,0,0.73008,1,0,0.3,1,0,0.74001,0,0,0.47669,1,0,0.2005,0,0,0.56916,0,0,0.74782,0,0,0.52259,1,0,0.74345,0,0,0.67092,0,0,0.45957,0,0
89,dart,484,0.44893,0,0,0.47592,1,0,0.66991,1,0,0.72754,0,0,0.40069,1,0,0.66667,0,0,0.6309,1,1,0.65007,0,0,0.47019,0,0,0.66075,0,0,0.48729,0,0,0.38798,0,0,0.58312,0,0,0.58554,0,0,0.48167,1,1,0.61598,0,0
90,dart,570,0.45915,1,0,0.45329,0,0,0.3381,0,0,0.38094,0,0,0.37237,0,0,0.43312,0,0,0.40153,0,0,0.56578,0,0,0.47714,0,0,0.47066,0,0,0.49255,0,0,0.49374,0,0,0.11333,0,0,0.43369,0,0,0.49912,0,0,0.43668,0,0
91,dart,639,0.5956,1,0,0.47803,0,0,0.52165,0,0,0.66519,1,0,0.55164,0,0,0.61371,0,0,0.52534,0,0,0.5443,0,0,0.64703,1,0,0.6983,1,0,0.5369,0,0,0.54721,1,0,0.50654,1,0,0.57948,1,0,0.51364,1,0,0.57577,1,0
92,dart,382,0.74402,1,0,0.5144,1,0,0.75152,1,0,0.41893,1,0,0.74402,1,0,0.74402,1,0,0.65575,0,0,0.7457,1,0,0.60672,0,0,0.57616,1,0,0.57017,1,0,0.44238,0,0,0.49184,0,0,0.63344,1,0,0.75957,1,0,0.75957,1,0
93,dart,1033,0.6576,0,0,0.68679,0,0,0.70765,0,0,0.6563,0,0,0.69329,0,0,0.64126,0,0,0.53728,0,0,0.63622,1,0,0.71829,0,0,0.7222,0,0,0.67601,0,0,0.66263,1,0,0.64729,0,0,0.66446,0,0,0.68684,0,0,0.66623,0,0
94,dart,1025,0.71339,1,0,0.69493,0,0,0.59167,0,0,0.68244,0,0,0.65876,1,0,0.4676,0,0,0.67042,1,0,0.65151,0,0,0.35675,1,0,0.6359,1,0,0.75,1,0,0.6716,1,0,0.69783,1,0,0.58635,0,0,0.55308,1,0,0.50617,0,0
95,dart,1265,0.69616,1,0,0.61935,1,0,0.66788,1,0,0.70727,1,0,0.65261,1,0,0.70551,1,0,0.68759,1,0,0.61655,0,0,0.59558,1,0,0.57736,0,0,0.59163,0,0,0.62221,1,0,0.69492,1,0,0.57635,0,0,0.60213,1,0,0.6843,0,0
96,dart,501,0.73198,0,0,0.62281,0,0,0.72878,0,0,0.63558,0,0,0.78107,1,0,0.78933,0,0,0.73442,0,0,0.62272,1,0,0.67344,1,0,0.7742,0,0,0.76634,1,0,0.78646,1,0,0.67982,1,0,0.70588,1,0,0.77742,0,0,0.58725,0,0
97,dart,351,0.50926,1,0,0.69163,0,0,0.49245,0,0,0.47293,1,0,0.39873,1,0,0.41702,0,0,0.56273,0,0,0.75312,1,0,0.48759,0,0,0.43933,0,0,0.57734,0,0,0.56851,1,0,0.53979,1,0,0.44425,0,0,0.51273,1,0,0.60606,1,0
98,dart,525,0.67894,1,0,0.62214,0,0,0.53233,0,0,0.60591,1,0,0.4323,0,0,0.56446,0,0,0.61046,1,0,0.62528,1,0,0.5522,0,0,0.60558,0,0,0.56239,0,0,0.61143,1,0,0.59977,0,0,0.64665,0,0,0.49458,0,0,0.59217,0,0
99,dart,976,0.59433,0,0,0.67268,1,1,0.72059,0,0,0.62583,1,0,0.66606,0,0,0.56108,0,0,0.75002,0,1,0.63126,0,0,0.67531,0,0,0.64889,1,0,0.60484,0,0,0.65634,0,0,0.63949,0,0,0.67638,0,0,0.6412,0,0,0.71359,1,0
100,dart,348,0.56575,1,0,0.6246,1,0,0.60621,1,0,0.49519,1,0,0.66073,1,0,0.5847,1,1,0.48362,0,0,0.48912,1,0,0.6024,1,0,0.75199,1,0,0.75274,1,0,0.75626,1,0,0.58782,1,0,0.4515,0,0,0.75606,1,1,0.65993,1,0
101,dart,825,0.7336,1,1,0.69232,1,0,0.74711,1,0,0.57803,0,0,0.67397,0,0,0.62336,1,0,0.67169,1,0,0.60713,0,0,0.7397,1,0,0.67367,0,0,0.7148,0,0,0.73885,1,0,0.67495,0,0,0.69941,0,0,0.65686,1,0,0.67463,0,0
102,dart,584,0.59794,1,0,0.69445,1,0,0.71988,1,0,0.70034,1,0,0.52167,0,0,0.56069,0,0,0.71194,1,0,0.56638,0,0,0.73357,1,0,0.48564,0,0,0.57973,1,0,0.4727,1,0,0.64713,0,0,0.69418,1,0,0.64453,1,0,0.72331,1,0
104,dart,1008,0.65912,0,0,0.59882,0,0,0.65802,0,0,0.68568,1,0,0.6587,1,0,0.61543,1,0,0.64392,0,0,0.68088,0,0,0.64521,1,0,0.61783,1,0,0.6328,1,0,0.63804,1,0,0.6377,0,0,0.6177,1,0,0.65577,1,0,0.61585,0,0
105,dart,655,0.6591,0,0,0.70509,1,0,0.6634,1,0,0.65823,0,0,0.64611,0,0,0.76845,0,0,0.42942,1,0,0.53375,1,0,0.65423,0,0,0.67663,1,0,0.65897,0,0,0.61673,0,0,0.7003,1,0,0.68834,0,0,0.67687,0,0,0.57355,1,0
106,dart,541,0.68764,1,0,0.649,0,0,0.61861,1,0,0.67724,0,0,0.6065,0,0,0.74661,1,0,0.58805,0,0,0.60363,0,0,0.61429,1,0,0.57636,0,0,0.67971,0,0,0.66601,1,0,0.61678,1,0,0.51068,0,0,0.74959,1,0,0.62147,0,0
107,dart,932,0.59726,1,0,0.55749,0,0,0.65802,0,0,0.62636,0,0,0.46903,0,0,0.63816,0,0,0.39199,0,0,0.58734,0,0,0.58299,0,0,0.55556,0,0,0.56676,0,0,0.37178,0,0,0.60671,0,0,0.40156,0,0,0.41193,0,0,0.64956,1,0
108,dart,615,0.61383,1,0,0.58593,1,0,0.60499,0,0,0.61422,1,0,0.51911,0,0,0.61231,1,0,0.27058,1,0,0.68514,1,0,0.59321,1,0,0.58589,1,0,0.59897,1,0,0.55908,1,0,0.62878,1,0,0.62879,0,0,0.63779,1,0,0.51268,1,0
109,dart,689,0.53437,0,0,0.36451,1,0,0.55883,1,0,0.59752,1,1,0.50805,1,0,0.49463,0,0,0.58276,1,0,0.46667,1,0,0.55022,1,0,0.33144,0,0,0.69374,0,0,0.5711,0,0,0.71146,1,0,0.25546,1,0,0.58009,1,0,0.64587,1,0
110,dart,457,0.24608,0,0,0.48471,0,0,0.59873,1,0,0.49578,0,0,0.64882,1,0,0.42336,1,0,0.60438,1,0,0.53134,0,0,0.41925,0,0,0.59207,0,0,0.57357,0,0,0.5247,1,0,0.62235,1,0,0.59917,0,0,0.59943,0,0,0.25385,0,0
111,dart,771,0.66968,1,0,0.66554,0,0,0.70017,0,0,0.6764,1,0,0.66708,0,0,0.64533,0,0,0.66205,0,0,0.70696,1,0,0.6586,1,0,0.62414,0,0,0.6728,0,0,0.6592,0,0,0.65761,0,0,0.66987,0,0,0.63084,1,0,0.75,1,0
112,dart,486,0.36942,0,0,0.38296,0,0,0.55047,0,0,0.35305,0,0,0.42976,0,0,0.44231,0,0,0.45706,0,0,0.42979,0,0,0.58092,1,0,0.419,0,0,0.4176,0,0,0.49506,0,0,0.43493,0,0,0.43604,0,0,0.51966,0,0,0.49849,1,0
113,dart,856,0.46351,0,0,0.73527,1,0,0.61907,0,0,0.73339,1,0,0.69976,1,0,0.67567,0,0,0.60601,0,0,0.73387,1,0,0.70695,1,0,0.61942,0,0,0.67455,0,0,0.68473,0,0,0.40074,1,1,0.68826,0,0,0.71585,0,0,0.57967,0,0
114,dart,653,0.67725,0,0,0.68104,0,0,0.60017,1,0,0.62036,1,1,0.63568,0,0,0.5596,0,0,0.63561,1,0,0.64328,1,1,0.61532,1,0,0.52617,0,0,0.57168,1,0,0.41169,0,0,0.46039,1,0,0.6165,1,0,0.56827,0,0,0.37595,0,0
115,dart,769,0.43947,0,0,0.49202,0,0,0.54271,0,0,0.12485,0,0,0.41731,0,0,0.51083,0,0,0.43351,1,0,0.41724,1,0,0.52189,0,0,0.42871,0,0,0.49355,0,0,0.46814,0,0,0.52032,1,0,0.46567,0,0,0.51125,1,0,0.46837,0,0
116,dart,512,0.72603,1,0,0.55622,0,0,0.31357,1,0,0.62046,1,0,0.52573,0,0,0.55355,1,0,0.49524,1,0,0.47551,1,0,0.41818,0,0,0.47687,0,0,0.49437,0,0,0.58602,0,0,0.46097,1,0,0.57542,0,0,0.55341,1,0,0.72603,1,0
117,dart,875,0.66228,0,0,0.61745,0,0,0.61731,0,0,0.66886,0,0,0.71618,1,0,0.68429,0,0,0.53393,0,0,0.67323,0,0,0.68444,1,0,0.63907,1,0,0.64335,0,0,0.68196,1,0,0.6144,0,0,0.68302,0,0,0.67431,1,0,0.66478,0,0
118,dart,626,0.57544,0,0,0.53112,0,0,0.64736,0,0,0.58441,0,0,0.65281,0,0,0.68045,1,0,0.51717,1,0,0.67042,0,0,0.65449,1,0,0.59927,0,0,0.69784,0,0,0.57386,0,0,0.52358,1,0,0.64139,0,0,0.48327,0,0,0.70325,0,0
119,dart,672,0.67162,1,0,0.6366,1,0,0.63672,0,0,0.71074,0,0,0.58645,0,0,0.63791,1,0,0.56407,1,0,0.63136,1,0,0.6576,0,0,0.69263,1,0,0.6581,1,0,0.66092,1,0,0.62254,1,0,0.59341,0,0,0.67104,1,0,0.63508,0,0
120,dart,986,0.58588,0,0,0.60144,0,0,0.56423,0,0,0.75,0,0,0.59866,1,0,0.64422,1,0,0.64374,1,0,0.5999,1,0,0.60081,1,0,0.64183,1,0,0.63702,0,0,0.53292,1,0,0.52841,0,0,0.64772,1,0,0.60211,1,0,0.6117,1,0
121,dart,484,0.72709,1,0,0.63725,0,0,0.7409,1,0,0.69191,1,0,0.66951,0,0,0.59702,1,0,0.70564,1,0,0.6754,0,0,0.67282,1,0,0.70564,1,0,0.69776,1,0,0.6062,1,0,0.70375,1,0,0.70564,1,0,0.68079,0,0,0.70577,1,0
122,dart,854,0.54672,1,0,0.52824,1,0,0.55111,1,0,0.52776,1,0,0.51366,1,0,0.57941,1,0,0.75,0,0,0.4655,0,0,0.50176,0,0,0.55061,1,0,0.52285,1,0,0.68045,1,0,0.62081,0,0,0.51673,0,0,0.59046,0,0,0.52445,1,0
123,dart,633,0.70314,0,0,0.7434,0,0,0.61995,0,0,0.73393,0,0,0.73197,0,0,0.65804,0,0,0.73127,1,0,0.73904,0,0,0.70333,1,0,0.7232,0,0,0.75883,0,0,0.71776,0,0,0.68965,0,0,0.75893,1,0,0.76052,0,0,0.57938,0,0
124,dart,1190,0.4969,0,0,0.68797,1,0,0.69475,1,1,0.64147,1,1,0.69754,1,1,0.69177,1,1,0.71578,1,0,0.71211,0,0,0.71725,0,0,0.70455,0,0,0.64788,0,0,0.69534,0,0,0.65844,1,1,0.71837,0,0,0.71591,0,0,0.6635,0,0
126,dart,805,0.74326,1,0,0.75124,1,0,0.75207,1,0,0.72839,1,0,0.7509,1,0,0.74356,1,0,0.74301,1,0,0.75178,1,0,0.72839,1,0,0.75122,1,0,0.75122,1,0,0.75124,1,0,0.72839,1,0,0.75167,1,0,0.74356,1,0,0.74274,1,0
127,dart,740,0.6093,1,0,0.7385,1,0,0.7136,1,0,0.7147,0,0,0.74237,1,0,0.72591,1,0,0.72919,1,0,0.7173,1,0,0.67734,1,0,0.7431,0,0,0.71395,1,0,0.74353,1,0,0.73671,1,0,0.74747,0,0,0.70929,0,0,0.74584,1,0
128,dart,585,0.5961,1,0,0.52544,1,0,0.55362,0,0,0.51325,1,0,0.51414,1,0,0.60247,1,0,0.58794,1,0,0.5023,1,0,0.54996,0,0,0.49754,0,0,0.50593,1,0,0.57231,1,0,0.59355,1,0,0.54682,1,0,0.58635,0,0,0.54622,0,0
129,dart,2674,0.67334,1,0,0.6017,0,0,0.67955,0,0,0.64225,0,0,0.63008,0,0,0.61147,0,0,0.59147,0,0,0.51727,0,0,0.59287,0,0,0.5546,0,0,0.59996,0,0,0.54583,0,0,0.55037,0,0,0.59484,1,0,0.59313,0,0,0.3052,0,0
130,dart,424,0.62173,0,0,0.65203,1,0,0.6504,1,0,0.62908,1,0,0.66763,0,0,0.69126,1,0,0.52338,0,0,0.65495,0,0,0.50798,0,0,0.66608,0,0,0.73427,1,0,0.61159,0,0,0.65177,1,0,0.67026,1,0,0.60649,1,0,0.60991,0,0
131,dart,551,0.55324,0,0,0.62019,1,0,0.62646,0,0,0.61098,0,0,0.62645,0,0,0.49474,0,0,0.60536,0,0,0.53625,1,0,0.56237,0,0,0.55469,0,0,0.5844,1,0,0.61686,0,0,0.55644,0,0,0.6136,0,0,0.61545,0,0,0.60949,0,0
132,dart,807,0.66765,1,0,0.61446,0,0,0.59324,0,0,0.58091,0,0,0.44272,0,0,0.56549,0,0,0.42624,0,0,0.45972,0,0,0.59178,0,0,0.6552,1,0,0.62439,1,0,0.63495,1,0,0.58114,0,0,0.63991,1,0,0.55284,0,0,0.47874,0,0
133,dart,443,0.59837,0,0,0.66994,0,0,0.69284,0,0,0.60131,1,0,0.60446,0,0,0.62364,0,0,0.67492,0,0,0.6308,1,0,0.55425,0,0,0.6926,1,0,0.44082,0,0,0.69284,0,0,0.53773,0,0,0.74067,0,0,0.58629,0,0,0.68294,0,0
134,dart,804,0.61774,1,0,0.51842,1,0,0.59051,0,0,0.59118,0,0,0.63497,1,0,0.70487,1,0,0.70487,1,0,0.70487,1,0,0.70321,1,0,0.71322,1,0,0.67278,1,0,0.70487,1,0,0.60879,0,0,0.54033,0,0,0.70487,1,0,0.65777,1,0
135,dart,483,0.54041,1,0,0.53649,0,0,0.52103,0,0,0.45326,0,0,0.4872,0,0,0.55911,1,0,0.24223,0,0,0.49985,0,0,0.46119,0,0,0.54351,0,0,0.38242,0,0,0.60627,1,0,0.50274,1,0,0.53272,1,0,0.41921,0,0,0.53071,0,0
136,dart,826,0.21545,0,0,0.54883,0,0,0.55718,0,0,0.50002,0,0,0.55607,1,0,0.2433,1,0,0.53363,0,0,0.54003,0,0,0.61495,0,0,0.27089,1,0,0.52689,0,0,0.58254,1,0,0.51704,1,0,0.55301,0,0,0.59295,0,0,0.54421,1,0
138,dart,420,0.58352,1,0,0.51038,1,0,0.50281,1,0,0.40831,0,0,0.65806,1,0,0.72614,1,0,0.50343,1,0,0.50313,0,0,0.5045,1,0,0.54358,0,0,0.50882,0,0,0.67644,1,0,0.50868,1,0,0.49184,0,0,0.73545,1,1,0.64575,1,0
139,dart,504,0.4926,0,0,0.46413,0,0,0.56415,1,0,0.54853,0,0,0.57074,0,0,0.62432,0,0,0.64803,1,0,0.56716,0,0,0.54063,0,0,0.60269,0,0,0.65127,1,0,0.57872,0,0,0.63339,1,0,0.73392,1,0,0.58183,0,0,0.64067,1,0
140,dart,890,0.64868,0,0,0.70314,0,0,0.63947,0,0,0.51961,0,0,0.65893,1,0,0.63109,1,0,0.58316,0,0,0.64542,1,0,0.58001,0,0,0.65903,0,0,0.50482,0,0,0.5549,0,0,0.57643,1,0,0.56485,1,0,0.6239,1,0,0.60217,0,0
141,dart,929,0.60052,0,0,0.59614,0,0,0.57148,0,0,0.40611,1,0,0.57963,0,0,0.57968,0,0,0.61358,1,0,0.66646,1,0,0.55326,1,0,0.65479,0,0,0.57869,0,0,0.64244,1,0,0.60215,0,0,0.71805,1,0,0.59764,0,0,0.67493,1,0
142,dart,603,0.66058,1,0,0.6197,1,0,0.6913,1,0,0.66721,1,0,0.62158,1,0,0.59328,1,0,0.61965,1,0,0.67219,1,0,0.6743,0,0,0.69421,1,0,0.70732,1,0,0.64828,1,0,0.67998,1,0,0.60681,1,0,0.6458,1,0,0.62163,1,0
143,dart,1191,0.5758,0,0,0.64469,0,0,0.58995,0,0,0.61285,1,0,0.61659,0,0,0.59422,0,0,0.56799,1,0,0.58149,0,0,0.6891,1,0,0.65212,1,0,0.56996,0,0,0.58121,0,0,0.59007,0,0,0.28162,0,0,0.62216,0,0,0.61678,0,0
144,dart,855,0.75191,1,0,0.36495,0,0,0.65208,0,0,0.75428,1,0,0.62453,0,0,0.70734,1,0,0.54901,0,0,0.27211,1,0,0.72844,1,0,0.50183,0,0,0.73327,1,0,0.72527,1,0,0.58768,0,0,0.64947,0,0,0.73577,1,0,0.72951,1,0
145,dart,1199,0.51158,1,0,0.50584,0,0,0.59832,0,0,0.62633,1,0,0.58131,1,0,0.66023,0,0,0.68661,0,0,0.61892,1,0,0.62933,0,0,0.57779,0,0,0.64286,0,0,0.6752,0,0,0.56028,1,0,0.75,1,0,0.61957,1,0,0.73223,1,0
146,dart,751,0.6136,1,0,0.66192,1,0,0.51609,0,0,0.53705,1,0,0.72166,1,0,0.52592,1,0,0.67634,1,0,0.57332,1,0,0.69612,1,0,0.41238,0,0,0.69254,1,0,0.58959,1,0,0.61112,1,0,0.61964,1,0,0.67539,0,0,0.57533,0,0
147,dart,716,0.7289,0,0,0.59416,1,0,0.70913,0,0,0.65241,1,0,0.58655,0,0,0.59621,0,0,0.63852,0,0,0.65373,1,0,0.64956,1,0,0.66293,0,0,0.73911,0,0,0.77467,1,0,0.64557,1,0,0.69881,1,0,0.75931,0,0,0.64258,1,0
149,dart,951,0.59108,0,0,0.57396,0,0,0.72049,1,0,0.64116,0,0,0.52456,0,0,0.63501,0,0,0.49575,0,0,0.75,1,0,0.29829,0,0,0.7072,0,0,0.63551,1,0,0.52422,1,0,0.70091,1,0,0.57756,0,0,0.35475,0,0,0.59822,0,0
150,dart,495,0.72533,1,0,0.53982,1,0,0.68614,1,0,0.59881,0,0,0.72533,1,0,0.70796,1,0,0.67804,1,0,0.62143,1,0,0.65357,0,0,0.72533,1,0,0.60474,1,0,0.69834,1,0,0.72533,1,0,0.70055,1,0,0.72533,1,0,0.70208,0,0
151,dart,605,0.5847,0,0,0.42913,0,0,0.57113,0,0,0.52631,0,0,0.55522,0,0,0.62888,0,0,0.51367,0,0,0.60743,0,0,0.53184,0,0,0.45669,0,0,0.46127,0,0,0.58584,0,0,0.52714,0,0,0.58453,0,0,0.52461,0,0,0.53768,0,0
152,dart,537,0.43781,0,0,0.5771,0,0,0.59568,0,0,0.60446,1,0,0.36983,0,0,0.45034,0,0,0.51921,0,0,0.64501,0,0,0.41936,0,0,0.60809,0,0,0.50777,0,0,0.54351,0,0,0.54674,1,0,0.58237,0,0,0.50011,1,0,0.49205,0,0
153,dart,989,0.42504,0,0,0.67272,1,0,0.67818,1,0,0.61669,1,0,0.59901,0,0,0.6165,1,0,0.66495,0,0,0.64731,1,0,0.67818,1,0,0.57812,1,0,0.64429,1,0,0.50417,1,0,0.69653,0,0,0.67242,0,0,0.52018,0,0,0.61455,0,0
154,dart,608,0.75191,1,0,0.49353,1,1,0.57909,1,0,0.67093,0,0,0.5876,1,0,0.47513,0,0,0.61679,1,0,0.60536,1,0,0.62921,1,0,0.60656,0,0,0.52258,0,0,0.59243,1,0,0.55591,1,0,0.67086,1,0,0.57869,1,0,0.60741,1,0
155,dart,530,0.58226,1,0,0.62989,0,0,0.53642,0,0,0.59655,1,0,0.62135,0,0,0.59595,0,0,0.67281,0,0,0.72732,1,0,0.59661,0,0,0.64218,0,0,0.66973,1,0,0.64187,1,0,0.548,0,0,0.67769,1,0,0.61559,0,0,0.63355,0,0
156,dart,1144,0.54012,0,0,0.37757,0,0,0.62849,1,0,0.53233,0,0,0.59486,0,0,0.6019,1,0,0.56659,0,0,0.50424,0,0,0.49241,1,0,0.47908,0,0,0.58793,0,0,0.64264,1,0,0.41539,0,0,0.61259,1,0,0.45674,0,0,0.65277,0,0
157,dart,519,0.73911,1,0,0.50387,1,1,0.56215,1,1,0.56178,1,1,0.55262,1,1,0.56264,1,1,0.78641,1,1,0.77031,1,1,0.76421,1,0,0.57769,0,0,0.5238,1,1,0.53346,0,0,0.61774,0,0,0.5124,0,0,0.56264,1,1,0.77031,1,1
158,dart,537,0.45995,0,0,0.70686,1,0,0.6065,0,0,0.53196,1,0,0.59463,1,0,0.55198,0,0,0.49586,0,0,0.60821,1,0,0.55508,0,0,0.69843,0,0,0.56505,1,0,0.38912,0,0,0.4753,0,0,0.54015,1,0,0.59579,1,0,0.61049,1,0
159,dart,404,0.56392,0,0,0.50096,0,0,0.60079,0,0,0.63606,1,0,0.50049,0,0,0.32328,0,0,0.58513,0,0,0.43351,0,0,0.71652,1,0,0.57763,1,0,0.59586,0,0,0.64788,1,0,0.60082,0,0,0.61714,0,0,0.63138,0,0,0.56449,1,0
160,dart,1962,0.57321,0,0,0.61325,0,0,0.57648,0,0,0.68735,0,0,0.62886,0,0,0.60272,0,0,0.57591,0,0,0.68952,0,0,0.59525,0,0,0.59804,1,0,0.70601,0,0,0.60895,0,0,0.59126,0,0,0.66045,0,0,0.69154,1,0,0.67728,0,0
161,dart,723,0.50521,0,0,0.634,0,0,0.6708,0,0,0.5074,0,0,0.64859,0,0,0.42702,0,0,0.70708,1,0,0.62479,0,0,0.66011,0,0,0.6727,0,0,0.70065,1,0,0.53722,0,0,0.54444,0,0,0.56324,0,0,0.73611,1,0,0.71429,0,0
163,dart,628,0.67887,1,0,0.5941,1,0,0.6255,0,0,0.6687,1,0,0.69592,1,0,0.75,0,0,0.62565,0,0,0.58395,1,0,0.64618,1,0,0.75235,0,0,0.62615,0,0,0.61188,1,0,0.69014,0,0,0.60499,1,0,0.75002,1,0,0.75,0,0
