"path","size","lfs_sha256","blob_id"
"artifacts/qwen3-8b-base_lora_enc_dec_r64_5e6_gcb_a128_x86_g0_null/pytorch_model.bin","365435575","974a0648b90ef5d5f7c3003b9197159ee91b3c60e578e666afabc34acbe02979","4170f794e02b63384bd4ff999992297c6e16a01c"
"artifacts/qwen3-8b-base_lora_enc_dec_r64_5e6_gcb_a128_x86_g0_null/training_args.bin","5393","2d8e4bca685e8d2e0dcae08baa54d49a9371ace0f4b90b9b43724cefd0ece268","dc6d1cca7bf0f7ba8ef48e33ce420a7cd51a240b"
"artifacts/qwen3-8b-base_lora_enc_dec_r64_5e6_gcb_a128_x86_g1_textonly/pytorch_model.bin","365435575","3687fc90f7495e6a8b57754dcb8e361b3f22bdf8d0bd90636df2dbceb1a36a43","51d1d3411a59b93ac6660cc28223a4ef95dc5235"
"artifacts/qwen3-8b-base_lora_enc_dec_r64_5e6_gcb_a128_x86_g1_textonly/training_args.bin","5393","d8bdcf1d5c883e4e9d36f490bbc49f6591e7c6b3dfab13d184fa51d886052590","cba7c384124215ba0a5ceae72de0e59a0128a0e9"
"artifacts/qwen3-8b-base_lora_enc_dec_r64_5e6_gcb_a128_x86_g2_graphtext/pytorch_model.bin","902786935","36a4f490dce5d24d133f400cd59e5581057f283cd28aaf8b5e53d71bd98751d6","4218fb88ea2b0baf88ca4699a20c83169518984c"
"artifacts/qwen3-8b-base_lora_enc_dec_r64_5e6_gcb_a128_x86_g2_graphtext/training_args.bin","5393","7f973acdefa0dec121643805065a0d7c611492603b1e16729ec0d086f3550a88","d5448695f6a6d059ab56a6b5d4ee00cf1d85f90f"
"artifacts/qwen3-8b-base_lora_enc_dec_r64_5e6_gcb_a128_x86_g2c_cfgonly/pytorch_model.bin","902786935","71c21941035408ae0a486c3b4762a0985dd57347c4b5a53f4688042eec56cb33","91b4637dd3179f8c37b218d7722f1a93e50c3ee0"
"artifacts/qwen3-8b-base_lora_enc_dec_r64_5e6_gcb_a128_x86_g2c_cfgonly/training_args.bin","5393","9a16cae0cef8b3d8ec1792439dab5f550b414137d0edb1cd4636eb142efaa2c0","4ac84773a0d793ad0fda12ad42ab654828ad90b1"
"artifacts/qwen3-8b-base_lora_enc_dec_r64_5e6_gcb_a128_x86_g3_binary_pk10_g32_grpo_grpo/pytorch_model.bin","902787195","a64b98c6ce87d92dd5c7c2eef7e7d8d7da486a811048520528bc11f78da90eec","17257e95333f3d41369ff25732118507bb9e97f0"
"artifacts/qwen3-8b-base_lora_enc_dec_r64_5e6_gcb_a128_x86_g3_binary_repair_ultralite/pytorch_model.bin","902787195","3c2317e00634a51d89568a05b1b9fdc0220d85972652480de1a8255f4ab57ddb","f5be5a56ed257d6c6b17a08104243799504d88d7"
"artifacts/qwen3-8b-base_lora_enc_dec_r64_5e6_gcb_a128_x86_g3_binary_repair_ultralite/training_args.bin","5393","d51f77e4f9a1a22a4acb3954d7760fdff01ef05b855e7ed9fb1b803016ad5687","58f355dbb1115f6e0abb30c8f68c4fca7beddcac"
"artifacts/qwen3-8b-base_lora_enc_dec_r64_5e6_gcb_a128_x86_g3_binary_rs_sft_ref/pytorch_model.bin","902787195","9bc04158c44cf52b408ceb2b9a20b102556e6344ebb69c0f77251ed0900f088a","074e41da22191cd76ac7bd6702c7c1635944bad5"
"artifacts/qwen3-8b-base_lora_enc_dec_r64_5e6_gcb_a128_x86_g3_binary_rs_sft_ref/training_args.bin","5393","cae477adbfef6b5880a14a49255bcc28bbf9d4f170cedf1d374e7ace14c014a8","db911eb62b659469841ce57b92bed23513381f6b"
"artifacts/qwen3-8b-base_lora_enc_dec_r64_5e6_gcb_a128_x86_g3_graphonly/pytorch_model.bin","902786935","51dc99f951818841fef008af9508eba5c976706644ad059c3e1db8a2732da82b","7ee45e2057c03d04f9cec1d7fd06d571432e2437"
"artifacts/qwen3-8b-base_lora_enc_dec_r64_5e6_gcb_a128_x86_g3_graphonly/training_args.bin","5393","2d3ba8eee1f5d6d6a2623aab08d338dae41e3d5b0da7ead77083f55647d6e74b","d3277e5547cc5eca45429dbad69a9c1a603d9ee5"
"artifacts/qwen3-8b-base_lora_enc_dec_r64_5e6_gcb_a128_x86_g3_p128/pytorch_model.bin","904621943","eafb7009f3955c8a7f20543216cc2e7624782da3b8e1092754b59a5623ec5e30","44a8bf62b3b25654fa39ef6c3882193fa726f5d8"
"artifacts/qwen3-8b-base_lora_enc_dec_r64_5e6_gcb_a128_x86_g3_p128/training_args.bin","5393","e60180b49aaf496e7e9d2aaf37c52f99207deaa3271d22fca1286b1595f5ef13","e9536475310dd0ce5711870518cb8c7a93ba3cd9"
"artifacts/qwen3-8b-base_lora_enc_dec_r64_5e6_gcb_a128_x86_g3_p128r/pytorch_model.bin","904622203","9a82060e9176c8dddc3c818b50e87fa920cd2e46259354319c8f6c03a4bd9fdf","b8187e1c3f27446e8c223f8f745936cd13332d22"
"artifacts/qwen3-8b-base_lora_enc_dec_r64_5e6_gcb_a128_x86_g3_p128r/training_args.bin","5393","5558228810aa575a22cd2d054388b285dafc06c5f7ba95b8c583386acbf3a69f","5ff25c27e14b4b6ead51c0bf272e7085bc7dacf2"
"artifacts/qwen3-8b-base_lora_enc_dec_r64_5e6_gcb_a128_x86_g3_p64/pytorch_model.bin","903573367","c428f8ffc1731e3f8680767daf043c5e064f1160f301dbfb3cba0ffcc9a7aad9","8bda2e9f265816b4be65727d9c637b2ce0014bc6"
"artifacts/qwen3-8b-base_lora_enc_dec_r64_5e6_gcb_a128_x86_g3_p64/training_args.bin","5393","fe9b054e0a4867597f6373e649348154df37478b1f26e6cbba43cea3c5476328","eed2d831bf48b6eef58c214c1eea552e1be40e87"
"artifacts/qwen3-8b-base_lora_enc_dec_r64_5e6_gcb_a128_x86_g3_rs_sft_allarms/pytorch_model.bin","902787195","f7085f12580704efd56704c2d721b06e3ec38c25496ae93736a051d9cbc34a19","51d0369ffadff276ba1008e1ba41cf2e4ddec7c5"
"artifacts/qwen3-8b-base_lora_enc_dec_r64_5e6_gcb_a128_x86_g3_rs_sft_allarms/training_args.bin","5393","e3ae5a6f50981b718e3fc32f0b631c2130320c93d7500b6fcfa6fa2dd184e971","c96160a3105086cc74229369cdca5ecffd88f2da"
"artifacts/qwen3-8b-base_lora_enc_dec_r64_5e6_gcb_a128_x86_g3_rs_sft_withB_ref_lite/pytorch_model.bin","902787195","e90cfc9b0d968e2f23a1cbea240fda395651b213ad6b9c58ab4b8c9f932f12c0","a7b313db7d374063fa23b2e6e9e7b86a450418da"
"artifacts/qwen3-8b-base_lora_enc_dec_r64_5e6_gcb_a128_x86_g3_rs_sft_withB_ref_lite/training_args.bin","5393","60aa6a915dc70bc1613860ee712d2844e122ca8dfff94589b1606f8be9af55ff","d02176a22451ba200c64b4ec899965174ce81735"
"artifacts/qwen3-8b-base_lora_enc_dec_r64_5e6_gcb_a128_x86_g3_rs_sft_withB_ref_ultralite/pytorch_model.bin","902787195","8d7163e6f89e764beb0b369374397a2a1d66805feb3ab478cf18528aad910ca1","fd500410e9a99326cf54696a07cc255a7ba90a57"
"artifacts/qwen3-8b-base_lora_enc_dec_r64_5e6_gcb_a128_x86_g3_rs_sft_withB_ref_ultralite/training_args.bin","5393","8affcbd03975f9c6a54c40c08e1ac3d9a96a2e5465bb13cfa56a5aef724b4c9d","5c51606616a18a8272c3cb56db8d07affd2bace2"
"artifacts/qwen3-8b-base_lora_enc_dec_r64_5e6_gcb_a128_x86_g3_simko_grpo/pytorch_model.bin","902786935","dee1a5d9cde62719a45178e927af3bf1f7f848705a43fbdb712319aa2af260a9","d1ca67d09609b32a055fcaa6f17dbe931469e8af"
"artifacts/qwen3-8b-base_lora_enc_dec_r64_5e6_gcb_a128_x86_g3_style1036_sft/pytorch_model.bin","902787195","a7a47ddb95883acc2671022c533db328befb4efa52e9d4b4ea8f8670fc6913f9","172de4e23ae8d2cbfd80f75e365c4a00d2d4e291"
"artifacts/qwen3-8b-base_lora_enc_dec_r64_5e6_gcb_a128_x86_g3_style1036_sft/training_args.bin","5393","844a41068d6a9c1080315b69347804cb332fe4ff16c0619a5044e7a426d6de36","eef516667949840821bc9da0e2479a0ba51bfdba"
"artifacts/qwen3-8b-base_lora_enc_dec_r64_5e6_gcb_a128_x86_g3_style_repair_ultralite/pytorch_model.bin","902787195","d30c7acb78f6d9c44bf63e674bce02ff479ee4cbe841fc94175d0c1d99ee6297","8a693c7317441b9bdd784b63c5ca2ee2d100d0ce"
"artifacts/qwen3-8b-base_lora_enc_dec_r64_5e6_gcb_a128_x86_g3_style_repair_ultralite/training_args.bin","5393","edc4f95f8aa85795b6dc95cc82bef567034f0b2947c359a9e9437983614ade0a","3006622dac1ac4be4209396dfe2181414aee1c49"
