problem_id,language,reference_length,cand_1_codebleu,cand_1_compile,cand_1_pass,cand_2_codebleu,cand_2_compile,cand_2_pass,cand_3_codebleu,cand_3_compile,cand_3_pass,cand_4_codebleu,cand_4_compile,cand_4_pass,cand_5_codebleu,cand_5_compile,cand_5_pass,cand_6_codebleu,cand_6_compile,cand_6_pass,cand_7_codebleu,cand_7_compile,cand_7_pass,cand_8_codebleu,cand_8_compile,cand_8_pass,cand_9_codebleu,cand_9_compile,cand_9_pass,cand_10_codebleu,cand_10_compile,cand_10_pass,cand_11_codebleu,cand_11_compile,cand_11_pass,cand_12_codebleu,cand_12_compile,cand_12_pass,cand_13_codebleu,cand_13_compile,cand_13_pass,cand_14_codebleu,cand_14_compile,cand_14_pass,cand_15_codebleu,cand_15_compile,cand_15_pass,cand_16_codebleu,cand_16_compile,cand_16_pass,cand_17_codebleu,cand_17_compile,cand_17_pass,cand_18_codebleu,cand_18_compile,cand_18_pass,cand_19_codebleu,cand_19_compile,cand_19_pass,cand_20_codebleu,cand_20_compile,cand_20_pass,cand_21_codebleu,cand_21_compile,cand_21_pass,cand_22_codebleu,cand_22_compile,cand_22_pass,cand_23_codebleu,cand_23_compile,cand_23_pass,cand_24_codebleu,cand_24_compile,cand_24_pass,cand_25_codebleu,cand_25_compile,cand_25_pass
0,dart,628,0.31042,0,0,0.41376,0,0,0.35453,0,0,0.36457,0,0,0.41464,0,0,0.341,0,0,0.32167,0,0,0.3464,0,0,0.29382,0,0,0.37496,0,0,0.35009,0,0,0.36403,0,0,0.31438,0,0,0.36283,0,0,0.28974,0,0,0.31923,0,0,0.304,0,0,0.32127,0,0,0.3275,0,0,0.36643,0,0,0.33336,0,0,0.40577,0,0,0.3764,0,0,0.33166,0,0,0.3614,0,0
1,dart,764,0.34219,0,0,0.42665,0,0,0.29835,0,0,0.36004,0,0,0.30347,0,0,0.30588,0,0,0.3488,0,0,0.04853,0,0,0.32263,0,0,0.31746,0,0,0.31795,0,0,0.31802,0,0,0.35506,0,0,0.33482,0,0,0.35596,0,0,0.3339,0,0,0.36997,0,0,0.07802,0,0,0.32995,0,0,0.3168,0,0,0.42799,0,0,0.30795,0,0,0.30271,0,0,0.32794,0,0,0.29977,0,0
2,dart,1502,0.36972,0,0,0.34515,0,0,0.35117,0,0,0.35182,0,0,0.34956,0,0,0.41587,0,0,0.3256,0,0,0.4309,0,0,0.37232,0,0,0.32086,0,0,0.32366,0,0,0.34608,0,0,0.35178,0,0,0.34788,0,0,0.46323,0,0,0.36389,0,0,0.3467,0,0,0.31629,0,0,0.35392,0,0,0.35695,0,0,0.37203,0,0,0.38744,0,0,0.34669,0,0,0.37507,0,0,0.36758,0,0
3,dart,491,0.32989,0,0,0.36822,0,0,0.3386,0,0,0.32006,0,0,0.40841,0,0,0.31954,0,0,0.31009,0,0,0.3043,0,0,0.34336,0,0,0.40906,0,0,0.31196,0,0,0.36721,0,0,0.354,0,0,0.33838,0,0,0.37784,0,0,0.30929,0,0,0.31742,0,0,0.40934,0,0,0.40461,0,0,0.33373,0,0,0.33022,0,0,0.40433,0,0,0.4037,0,0,0.32598,0,0,0.3185,0,0
4,dart,773,0.0766,0,0,0.32211,0,0,0.33819,0,0,0.31899,0,0,0.42863,0,0,0.42114,0,0,0.32891,0,0,0.32544,0,0,0.35883,0,0,0.31444,0,0,0.38661,0,0,0.33512,0,0,0.42086,0,0,0.33327,0,0,0.32096,0,0,0.42189,0,0,0.34121,0,0,0.37166,0,0,0.33215,0,0,0.39019,0,0,0.36377,0,0,0.35288,0,0,0.32575,0,0,0.29087,0,0,0.3826,0,0
5,dart,1179,0.29742,0,0,0.32491,0,0,0.32923,0,0,0.31532,0,0,0.4001,0,0,0.40154,0,0,0.36832,0,0,0.41757,0,0,0.27956,0,0,0.3412,0,0,0.36522,0,0,0.29807,0,0,0.29258,0,0,0.03519,0,0,0.38206,0,0,0.36259,0,0,0.06382,0,0,0.30546,0,0,0.30314,0,0,0.29229,0,0,0.31445,0,0,0.28001,0,0,0.28399,0,0,0.30012,0,0,0.32224,0,0
6,dart,491,0.37097,0,0,0.28581,0,0,0.4084,0,0,0.3104,0,0,0.34601,0,0,0.3066,0,0,0.30538,0,0,0.29694,0,0,0.3425,0,0,0.31348,0,0,0.31766,0,0,0.36171,0,0,0.37014,0,0,0.4074,0,0,0.3149,0,0,0.30964,0,0,0.36655,0,0,0.32159,0,0,0.308,0,0,0.33362,0,0,0.41004,0,0,0.299,0,0,0.32048,0,0,0.32407,0,0,0.40483,0,0
7,dart,505,0.29162,0,0,0.31745,0,0,0.31257,0,0,0.31898,0,0,0.33919,0,0,0.34596,0,0,0.33732,0,0,0.31304,0,0,0.32043,0,0,0.30887,0,0,0.32313,0,0,0.33435,0,0,0.37051,0,0,0.29543,0,0,0.30593,0,0,0.32864,0,0,0.35821,0,0,0.34457,0,0,0.31197,0,0,0.36453,0,0,0.28421,0,0,0.37539,0,0,0.36182,0,0,0.36085,0,0,0.36246,0,0
8,dart,1182,0.18003,0,0,0.19744,0,0,0.13792,0,0,0.1777,0,0,0.13577,0,0,0.13646,0,0,0.13011,0,0,0.16737,0,0,0.17842,0,0,0.13311,0,0,0.20786,0,0,0.19026,0,0,0.18352,0,0,0.17931,0,0,0.10909,0,0,0.18276,0,0,0.11259,0,0,0.17492,0,0,0.19349,0,0,0.17087,0,0,0.10906,0,0,0.12527,0,0,0.12884,0,0,0.1463,0,0,0.13828,0,0
9,dart,1731,0.32264,0,0,0.37098,0,0,0.378,0,0,0.38357,0,0,0.33758,0,0,0.3252,0,0,0.31085,0,0,0.35405,0,0,0.08189,0,0,0.04169,0,0,0.37576,0,0,0.42007,0,0,0.32548,0,0,0.41893,0,0,0.36848,0,0,0.41808,0,0,0.37078,0,0,0.36805,0,0,0.31632,0,0,0.36699,0,0,0.35603,0,0,0.42673,0,0,0.35169,0,0,0.32496,0,0,0.37084,0,0
10,dart,712,0.37296,0,0,0.37969,0,0,0.4364,0,0,0.38441,0,0,0.06919,0,0,0.37848,0,0,0.32633,0,0,0.30529,0,0,0.34496,0,0,0.42234,0,0,0.33434,0,0,0.37545,0,0,0.34837,0,0,0.36399,0,0,0.36568,0,0,0.33763,0,0,0.30581,0,0,0.38472,0,0,0.29666,0,0,0.38624,0,0,0.44961,0,0,0.34306,0,0,0.34801,0,0,0.32257,0,0,0.35362,0,0
11,dart,1231,0.40513,0,0,0.30861,0,0,0.3632,0,0,0.09174,0,0,0.33323,0,0,0.356,0,0,0.33833,0,0,0.34294,0,0,0.38349,0,0,0.332,0,0,0.08642,0,0,0.31881,0,0,0.33299,0,0,0.31945,0,0,0.30714,0,0,0.40301,0,0,0.3021,0,0,0.43858,0,0,0.34624,0,0,0.32032,0,0,0.33921,0,0,0.35833,0,0,0.37408,0,0,0.08164,0,0,0.37351,0,0
12,dart,623,0.33004,0,0,0.35114,0,0,0.30404,0,0,0.33713,0,0,0.35552,0,0,0.3151,0,0,0.39354,0,0,0.32017,0,0,0.35474,0,0,0.35882,0,0,0.30369,0,0,0.40169,0,0,0.36552,0,0,0.3552,0,0,0.34468,0,0,0.34473,0,0,0.35664,0,0,0.33466,0,0,0.31821,0,0,0.34598,0,0,0.30727,0,0,0.35276,0,0,0.3568,0,0,0.39915,0,0,0.35703,0,0
13,dart,602,0.35278,0,0,0.32303,0,0,0.29779,0,0,0.35511,0,0,0.38516,0,0,0.40448,0,0,0.31173,0,0,0.41458,0,0,0.28936,0,0,0.2939,0,0,0.42416,0,0,0.36779,0,0,0.30753,0,0,0.32738,0,0,0.40767,0,0,0.37138,0,0,0.30901,0,0,0.30854,0,0,0.35562,0,0,0.37876,0,0,0.38823,0,0,0.37124,0,0,0.34825,0,0,0.36998,0,0,0.31396,0,0
14,dart,522,0.40097,0,0,0.33256,0,0,0.32989,0,0,0.29978,0,0,0.34821,0,0,0.35567,0,0,0.3536,0,0,0.31907,0,0,0.29617,0,0,0.35022,0,0,0.35129,0,0,0.35089,0,0,0.32275,0,0,0.36775,0,0,0.35499,0,0,0.29708,0,0,0.33159,0,0,0.33708,0,0,0.30306,0,0,0.30933,0,0,0.39257,0,0,0.2866,0,0,0.35354,0,0,0.39786,0,0,0.34527,0,0
15,dart,1486,0.4125,0,0,0.33112,0,0,0.39174,0,0,0.33546,0,0,0.41434,0,0,0.32704,0,0,0.33234,0,0,0.37275,0,0,0.31647,0,0,0.42302,0,0,0.33582,0,0,0.33902,0,0,0.32733,0,0,0.41213,0,0,0.47241,0,0,0.32355,0,0,0.42383,0,0,0.34465,0,0,0.34975,0,0,0.35863,0,0,0.41905,0,0,0.44823,0,0,0.36183,0,0,0.31425,0,0,0.37127,0,0
16,dart,718,0.31283,0,0,0.31613,0,0,0.30837,0,0,0.04191,0,0,0.29307,0,0,0.35687,0,0,0.05117,0,0,0.31436,0,0,0.37111,0,0,0.35274,0,0,0.29392,0,0,0.31341,0,0,0.31911,0,0,0.06184,0,0,0.29259,0,0,0.29783,0,0,0.31982,0,0,0.2742,0,0,0.29253,0,0,0.29169,0,0,0.3137,0,0,0.29298,0,0,0.37057,0,0,0.26885,0,0,0.3249,0,0
17,dart,1793,0.38948,0,0,0.33773,0,0,0.42071,0,0,0.35949,0,0,0.37957,0,0,0.35447,0,0,0.37906,0,0,0.37853,0,0,0.33763,0,0,0.38878,0,0,0.35173,0,0,0.34724,0,0,0.31664,0,0,0.0963,0,0,0.30663,0,0,0.32387,0,0,0.40974,0,0,0.32238,0,0,0.29352,0,0,0.35813,0,0,0.30911,0,0,0.30864,0,0,0.33057,0,0,0.3687,0,0,0.31629,0,0
18,dart,3211,0.38208,0,0,0.47215,0,0,0.43421,0,0,0.38593,0,0,0.36841,0,0,0.42989,0,0,0.48493,0,0,0.36453,0,0,0.47758,0,0,0.42445,0,0,0.39553,0,0,0.46297,0,0,0.44051,0,0,0.4227,0,0,0.4263,0,0,0.3806,0,0,0.38444,0,0,0.39479,0,0,0.39963,0,0,0.39497,0,0,0.39544,0,0,0.45612,0,0,0.43982,0,0,0.50129,0,0,0.39413,0,0
19,dart,1514,0.12893,0,0,0.10265,0,0,0.04766,0,0,0.12117,0,0,0.12998,0,0,0.08125,0,0,0.09946,0,0,0.16629,0,0,0.16461,0,0,0.11442,0,0,0.06009,0,0,0.112,0,0,0.11643,0,0,0.15593,0,0,0.15408,0,0,0.13397,0,0,0.21597,0,0,0.07614,0,0,0.12821,0,0,0.16281,0,0,0.11241,0,0,0.11104,0,0,0.04598,0,0,0.11702,0,0,0.18926,0,0
20,dart,1239,0.30008,0,0,0.31079,0,0,0.3175,0,0,0.32351,0,0,0.31008,0,0,0.29913,0,0,0.37045,0,0,0.40223,0,0,0.3057,0,0,0.2998,0,0,0.31923,0,0,0.34714,0,0,0.30109,0,0,0.32844,0,0,0.05528,0,0,0.33001,0,0,0.33429,0,0,0.30911,0,0,0.3838,0,0,0.31622,0,0,0.4163,0,0,0.30977,0,0,0.36999,0,0,0.29936,0,0,0.34153,0,0
21,dart,1155,0.30413,0,0,0.29385,0,0,0.37002,0,0,0.31972,0,0,0.30859,0,0,0.39227,0,0,0.29383,0,0,0.36255,0,0,0.29105,0,0,0.33953,0,0,0.33335,0,0,0.35785,0,0,0.33817,0,0,0.40739,0,0,0.31258,0,0,0.33546,0,0,0.31156,0,0,0.30228,0,0,0.30205,0,0,0.327,0,0,0.44313,0,0,0.31327,0,0,0.30523,0,0,0.34898,0,0,0.35837,0,0
22,dart,1612,0.35382,0,0,0.29202,0,0,0.35188,0,0,0.29703,0,0,0.3499,0,0,0.28738,0,0,0.33389,0,0,0.29701,0,0,0.31349,0,0,0.29748,0,0,0.29393,0,0,0.34905,0,0,0.27987,0,0,0.29218,0,0,0.28849,0,0,0.30757,0,0,0.03953,0,0,0.3163,0,0,0.02773,0,0,0.34653,0,0,0.28816,0,0,0.30472,0,0,0.33166,0,0,0.02752,0,0,0.32759,0,0
23,dart,1086,0.3935,0,0,0.31046,0,0,0.34931,0,0,0.29445,0,0,0.32645,0,0,0.29281,0,0,0.35683,0,0,0.31537,0,0,0.38594,0,0,0.40438,0,0,0.31889,0,0,0.33473,0,0,0.34675,0,0,0.3214,0,0,0.34523,0,0,0.31168,0,0,0.31296,0,0,0.35434,0,0,0.31403,0,0,0.34415,0,0,0.36428,0,0,0.35728,0,0,0.35636,0,0,0.30076,0,0,0.33865,0,0
24,dart,165,0.07026,0,0,0.27446,0,0,0.29482,0,0,0.28251,0,0,0.32785,0,0,0.29881,0,0,0.28205,0,0,0.28324,0,0,0.2994,0,0,0.3083,0,0,0.27219,0,0,0.27943,0,0,0.27442,0,0,0.27982,0,0,0.27597,0,0,0.28936,0,0,0.28145,0,0,0.30584,0,0,0.29905,0,0,0.3211,0,0,0.33378,0,0,0.28765,0,0,0.28744,0,0,0.35122,0,0,0.30546,0,0
25,dart,516,0.32689,0,0,0.40204,0,0,0.32276,0,0,0.30548,0,0,0.3521,0,0,0.32002,0,0,0.3146,0,0,0.40721,0,0,0.34679,0,0,0.40784,0,0,0.31718,0,0,0.31297,0,0,0.3472,0,0,0.36991,0,0,0.34164,0,0,0.33259,0,0,0.377,0,0,0.32118,0,0,0.31921,0,0,0.31933,0,0,0.34999,0,0,0.29812,0,0,0.36038,0,0,0.33035,0,0,0.3326,0,0
26,dart,408,0.31321,0,0,0.35649,0,0,0.40081,0,0,0.33772,0,0,0.35348,0,0,0.39289,0,0,0.31001,0,0,0.30668,0,0,0.39911,0,0,0.34853,0,0,0.36002,0,0,0.30431,0,0,0.31582,0,0,0.31845,0,0,0.35012,0,0,0.39413,0,0,0.32958,0,0,0.34906,0,0,0.35699,0,0,0.33299,0,0,0.33293,0,0,0.3144,0,0,0.28055,0,0,0.33756,0,0,0.33428,0,0
27,dart,1193,0.39612,0,0,0.50849,0,0,0.41648,0,0,0.4647,0,0,0.39881,0,0,0.43125,0,0,0.35288,0,0,0.40235,0,0,0.43669,0,0,0.45144,0,0,0.41222,0,0,0.43922,0,0,0.42324,0,0,0.43872,0,0,0.52589,0,0,0.50627,0,0,0.46909,0,0,0.39671,0,0,0.39134,0,0,0.42034,0,0,0.36916,0,0,0.4407,0,0,0.38415,0,0,0.39345,0,0,0.45492,0,0
28,dart,1580,0.35448,0,0,0.40031,0,0,0.32792,0,0,0.33349,0,0,0.38248,0,0,0.43954,0,0,0.40965,0,0,0.4035,0,0,0.30449,0,0,0.3926,0,0,0.44863,0,0,0.31275,0,0,0.38981,0,0,0.33556,0,0,0.37404,0,0,0.35745,0,0,0.30103,0,0,0.39825,0,0,0.32191,0,0,0.4048,0,0,0.33496,0,0,0.3331,0,0,0.37866,0,0,0.34485,0,0,0.34622,0,0
29,dart,1518,0.41571,0,0,0.38544,0,0,0.47533,0,0,0.35229,0,0,0.37467,0,0,0.29064,0,0,0.32638,0,0,0.37595,0,0,0.34312,0,0,0.33438,0,0,0.32639,0,0,0.31439,0,0,0.35949,0,0,0.34983,0,0,0.32772,0,0,0.387,0,0,0.07246,0,0,0.33668,0,0,0.31718,0,0,0.35854,0,0,0.36769,0,0,0.28888,0,0,0.32925,0,0,0.30846,0,0,0.37717,0,0
30,dart,1953,0.43569,0,0,0.33015,0,0,0.40871,0,0,0.35125,0,0,0.3435,0,0,0.32895,0,0,0.46979,0,0,0.35157,0,0,0.31245,0,0,0.37932,0,0,0.38095,0,0,0.43072,0,0,0.3602,0,0,0.15614,0,0,0.36472,0,0,0.31655,0,0,0.43242,0,0,0.3233,0,0,0.48248,0,0,0.34745,0,0,0.47621,0,0,0.40581,0,0,0.36464,0,0,0.38863,0,0,0.33968,0,0
31,dart,1538,0.39929,0,0,0.40777,0,0,0.47433,0,0,0.36984,0,0,0.37619,0,0,0.46735,0,0,0.4604,0,0,0.38834,0,0,0.36813,0,0,0.36546,0,0,0.40374,0,0,0.42232,0,0,0.49123,0,0,0.34899,0,0,0.35995,0,0,0.47598,0,0,0.36644,0,0,0.3883,0,0,0.44243,0,0,0.36522,0,0,0.46584,0,0,0.40898,0,0,0.4065,0,0,0.38538,0,0,0.38242,0,0
32,dart,1938,0.05291,0,0,0.30342,0,0,0.28045,0,0,0.36302,0,0,0.33659,0,0,0.36248,0,0,0.33147,0,0,0.30749,0,0,0.02512,0,0,0.38284,0,0,0.30946,0,0,0.31588,0,0,0.30364,0,0,0.29102,0,0,0.04636,0,0,0.35492,0,0,0.35172,0,0,0.30644,0,0,0.31174,0,0,0.3354,0,0,0.32218,0,0,0.27409,0,0,0.36,0,0,0.36921,0,0,0.32256,0,0
33,dart,1822,0.38652,0,0,0.36512,0,0,0.31339,0,0,0.36166,0,0,0.40841,0,0,0.40598,0,0,0.34756,0,0,0.41236,0,0,0.31419,0,0,0.31785,0,0,0.2959,0,0,0.32324,0,0,0.4235,0,0,0.30073,0,0,0.31028,0,0,0.30451,0,0,0.34959,0,0,0.36333,0,0,0.38459,0,0,0.35399,0,0,0.34756,0,0,0.2865,0,0,0.33048,0,0,0.33046,0,0,0.35,0,0
34,dart,2127,0.32586,0,0,0.41274,0,0,0.33071,0,0,0.32459,0,0,0.31908,0,0,0.37418,0,0,0.31484,0,0,0.37511,0,0,0.30705,0,0,0.30028,0,0,0.36086,0,0,0.3112,0,0,0.37002,0,0,0.31873,0,0,0.3151,0,0,0.33974,0,0,0.32475,0,0,0.33357,0,0,0.34114,0,0,0.3817,0,0,0.31504,0,0,0.34004,0,0,0.41458,0,0,0.30027,0,0,0.31364,0,0
35,dart,1773,0.32987,0,0,0.29341,0,0,0.37108,0,0,0.33836,0,0,0.35138,0,0,0.31762,0,0,0.35336,0,0,0.38306,0,0,0.46426,0,0,0.35047,0,0,0.30815,0,0,0.32998,0,0,0.36258,0,0,0.31334,0,0,0.40652,0,0,0.3581,0,0,0.37065,0,0,0.35471,0,0,0.34351,0,0,0.37546,0,0,0.31249,0,0,0.34558,0,0,0.41965,0,0,0.36694,0,0,0.32144,0,0
36,dart,1979,0.3573,0,0,0.42919,0,0,0.3894,0,0,0.35976,0,0,0.37452,0,0,0.43206,0,0,0.38062,0,0,0.40938,0,0,0.36628,0,0,0.43548,0,0,0.38002,0,0,0.37567,0,0,0.41512,0,0,0.48942,0,0,0.46678,0,0,0.38508,0,0,0.39441,0,0,0.44404,0,0,0.42832,0,0,0.39734,0,0,0.407,0,0,0.35553,0,0,0.4879,0,0,0.45489,0,0,0.37452,0,0
37,dart,2041,0.40761,0,0,0.41874,0,0,0.44314,0,0,0.37944,0,0,0.39243,0,0,0.35171,0,0,0.43197,0,0,0.46822,0,0,0.36295,0,0,0.40844,0,0,0.37361,0,0,0.47412,0,0,0.33285,0,0,0.37323,0,0,0.41924,0,0,0.41797,0,0,0.35785,0,0,0.31776,0,0,0.41601,0,0,0.42142,0,0,0.41345,0,0,0.40891,0,0,0.46093,0,0,0.36956,0,0,0.37186,0,0
38,dart,2299,0.3143,0,0,0.34957,0,0,0.31828,0,0,0.38366,0,0,0.37663,0,0,0.43595,0,0,0.37909,0,0,0.32785,0,0,0.31616,0,0,0.36555,0,0,0.39571,0,0,0.40421,0,0,0.35805,0,0,0.36066,0,0,0.336,0,0,0.33005,0,0,0.34075,0,0,0.37773,0,0,0.32734,0,0,0.41341,0,0,0.3939,0,0,0.38132,0,0,0.32484,0,0,0.34773,0,0,0.39362,0,0
39,dart,408,0.31395,0,0,0.31924,0,0,0.31998,0,0,0.36336,0,0,0.40239,0,0,0.35511,0,0,0.35621,0,0,0.36518,0,0,0.30462,0,0,0.33461,0,0,0.37388,0,0,0.33115,0,0,0.36388,0,0,0.07268,0,0,0.41068,0,0,0.44582,0,0,0.32567,0,0,0.35806,0,0,0.31374,0,0,0.31682,0,0,0.41836,0,0,0.35689,0,0,0.29848,0,0,0.35135,0,0,0.29,0,0
40,dart,593,0.30951,0,0,0.33743,0,0,0.31586,0,0,0.36273,0,0,0.32991,0,0,0.3643,0,0,0.05524,0,0,0.32064,0,0,0.32052,0,0,0.36531,0,0,0.31602,0,0,0.32239,0,0,0.30485,0,0,0.35493,0,0,0.31985,0,0,0.3419,0,0,0.33901,0,0,0.30886,0,0,0.32065,0,0,0.34251,0,0,0.39281,0,0,0.31682,0,0,0.33177,0,0,0.30059,0,0,0.30821,0,0
41,dart,888,0.29418,0,0,0.36693,0,0,0.41873,0,0,0.36679,0,0,0.36577,0,0,0.34428,0,0,0.36745,0,0,0.30091,0,0,0.08105,0,0,0.40838,0,0,0.36677,0,0,0.32323,0,0,0.30517,0,0,0.30928,0,0,0.31948,0,0,0.35921,0,0,0.31648,0,0,0.35079,0,0,0.32091,0,0,0.30971,0,0,0.36462,0,0,0.32331,0,0,0.34445,0,0,0.34141,0,0,0.36254,0,0
42,dart,615,0.30381,0,0,0.31688,0,0,0.34175,0,0,0.31477,0,0,0.39952,0,0,0.31693,0,0,0.30704,0,0,0.36778,0,0,0.36957,0,0,0.34836,0,0,0.36756,0,0,0.37378,0,0,0.32844,0,0,0.04095,0,0,0.30793,0,0,0.31896,0,0,0.3658,0,0,0.03808,0,0,0.4063,0,0,0.35158,0,0,0.34114,0,0,0.32321,0,0,0.33836,0,0,0.31623,0,0,0.29311,0,0
43,dart,1795,0.15152,0,0,0.11843,0,0,0.13484,0,0,0.09935,0,0,0.12035,0,0,0.09644,0,0,0.1612,0,0,0.06686,0,0,0.11524,0,0,0.16228,0,0,0.09433,0,0,0.09544,0,0,0.11337,0,0,0.127,0,0,0.15212,0,0,0.16731,0,0,0.18943,0,0,0.15471,0,0,0.16249,0,0,0.20131,0,0,0.17472,0,0,0.18869,0,0,0.1087,0,0,0.1441,0,0,0.17126,0,0
44,dart,2408,0.39187,0,0,0.36146,0,0,0.36595,0,0,0.37285,0,0,0.36254,0,0,0.36055,0,0,0.34198,0,0,0.35534,0,0,0.33594,0,0,0.34702,0,0,0.38002,0,0,0.34325,0,0,0.2806,0,0,0.42337,0,0,0.38632,0,0,0.34576,0,0,0.38018,0,0,0.42645,0,0,0.37068,0,0,0.34859,0,0,0.33126,0,0,0.31158,0,0,0.39712,0,0,0.31567,0,0,0.32492,0,0
45,dart,1701,0.35169,0,0,0.38059,0,0,0.34091,0,0,0.41558,0,0,0.31697,0,0,0.38778,0,0,0.36536,0,0,0.04135,0,0,0.36346,0,0,0.3813,0,0,0.32146,0,0,0.34319,0,0,0.38453,0,0,0.32654,0,0,0.41859,0,0,0.38306,0,0,0.34504,0,0,0.31726,0,0,0.31426,0,0,0.31673,0,0,0.34478,0,0,0.29818,0,0,0.29073,0,0,0.30825,0,0,0.31547,0,0
46,dart,1409,0.32639,0,0,0.37248,0,0,0.38675,0,0,0.3504,0,0,0.38756,0,0,0.32613,0,0,0.337,0,0,0.36995,0,0,0.3407,0,0,0.41059,0,0,0.32058,0,0,0.09036,0,0,0.35418,0,0,0.34557,0,0,0.35487,0,0,0.37269,0,0,0.31471,0,0,0.30677,0,0,0.35635,0,0,0.37327,0,0,0.31571,0,0,0.28893,0,0,0.36736,0,0,0.36202,0,0,0.3999,0,0
47,dart,664,0.28571,0,0,0.33333,0,0,0.3347,0,0,0.30878,0,0,0.33469,0,0,0.33784,0,0,0.28126,0,0,0.28533,0,0,0.28731,0,0,0.375,0,0,0.33333,0,0,0.32265,0,0,0.3347,0,0,0.34168,0,0,0.3407,0,0,0.28125,0,0,0.33333,0,0,0.33333,0,0,0.33581,0,0,0.33576,0,0,0.3,0,0,0.28765,0,0,0.375,0,0,0.375,0,0,0.33333,0,0
48,dart,868,0.41929,0,0,0.37542,0,0,0.33093,0,0,0.35467,0,0,0.32536,0,0,0.39077,0,0,0.34099,0,0,0.32041,0,0,0.36283,0,0,0.33644,0,0,0.32401,0,0,0.33095,0,0,0.37392,0,0,0.33457,0,0,0.30262,0,0,0.35311,0,0,0.35459,0,0,0.36029,0,0,0.36903,0,0,0.35773,0,0,0.32821,0,0,0.08963,0,0,0.37007,0,0,0.33441,0,0,0.34726,0,0
49,dart,1149,0.41016,0,0,0.36935,0,0,0.32954,0,0,0.33573,0,0,0.35084,0,0,0.40065,0,0,0.34465,0,0,0.34674,0,0,0.29071,0,0,0.34646,0,0,0.36161,0,0,0.40664,0,0,0.37291,0,0,0.3063,0,0,0.30086,0,0,0.33409,0,0,0.32838,0,0,0.34831,0,0,0.32592,0,0,0.32121,0,0,0.29531,0,0,0.39948,0,0,0.34924,0,0,0.41022,0,0,0.37757,0,0
50,dart,387,0.30252,0,0,0.29569,0,0,0.38876,0,0,0.30787,0,0,0.34269,0,0,0.29759,0,0,0.30436,0,0,0.2942,0,0,0.29723,0,0,0.30652,0,0,0.29298,0,0,0.28101,0,0,0.30349,0,0,0.29417,0,0,0.29471,0,0,0.30641,0,0,0.31801,0,0,0.29599,0,0,0.31717,0,0,0.2953,0,0,0.31394,0,0,0.39223,0,0,0.31395,0,0,0.30076,0,0,0.31916,0,0
51,dart,629,0.30759,0,0,0.29293,0,0,0.30018,0,0,0.39799,0,0,0.2877,0,0,0.30009,0,0,0.26811,0,0,0.36012,0,0,0.36695,0,0,0.36537,0,0,0.29979,0,0,0.40124,0,0,0.29353,0,0,0.29981,0,0,0.33324,0,0,0.31005,0,0,0.31123,0,0,0.35433,0,0,0.27937,0,0,0.30361,0,0,0.31686,0,0,0.3941,0,0,0.33915,0,0,0.30182,0,0,0.28387,0,0
52,dart,652,0.39015,0,0,0.35952,0,0,0.42923,0,0,0.31297,0,0,0.44815,0,0,0.38866,0,0,0.31573,0,0,0.39613,0,0,0.42371,0,0,0.3484,0,0,0.36013,0,0,0.3966,0,0,0.32089,0,0,0.35464,0,0,0.29948,0,0,0.34,0,0,0.32412,0,0,0.3845,0,0,0.30205,0,0,0.33398,0,0,0.38087,0,0,0.40531,0,0,0.32772,0,0,0.31789,0,0,0.32897,0,0
53,dart,625,0.35356,0,0,0.35256,0,0,0.42677,0,0,0.34241,0,0,0.35462,0,0,0.40126,0,0,0.34327,0,0,0.38273,0,0,0.36827,0,0,0.34652,0,0,0.33138,0,0,0.34021,0,0,0.4318,0,0,0.33757,0,0,0.33567,0,0,0.3748,0,0,0.34647,0,0,0.3156,0,0,0.42191,0,0,0.37439,0,0,0.36498,0,0,0.36918,0,0,0.38882,0,0,0.37542,0,0,0.41553,0,0
54,dart,2277,0.32033,0,0,0.38306,0,0,0.29211,0,0,0.33776,0,0,0.31558,0,0,0.37525,0,0,0.33358,0,0,0.3624,0,0,0.37762,0,0,0.31848,0,0,0.34665,0,0,0.36283,0,0,0.40635,0,0,0.4114,0,0,0.35062,0,0,0.33208,0,0,0.31581,0,0,0.39193,0,0,0.41829,0,0,0.33489,0,0,0.37118,0,0,0.3459,0,0,0.37294,0,0,0.31709,0,0,0.336,0,0
55,dart,348,0.39148,0,0,0.3861,0,0,0.31877,0,0,0.39343,0,0,0.30404,0,0,0.31684,0,0,0.28629,0,0,0.34935,0,0,0.34168,0,0,0.32269,0,0,0.3527,0,0,0.35285,0,0,0.32746,0,0,0.35787,0,0,0.26832,0,0,0.30321,0,0,0.30966,0,0,0.29231,0,0,0.25908,0,0,0.32914,0,0,0.32782,0,0,0.39855,0,0,0.3506,0,0,0.33239,0,0,0.28847,0,0
56,dart,521,0.30816,0,0,0.3571,0,0,0.31278,0,0,0.36117,0,0,0.35222,0,0,0.33354,0,0,0.35691,0,0,0.33222,0,0,0.30626,0,0,0.28974,0,0,0.35416,0,0,0.41054,0,0,0.41085,0,0,0.29398,0,0,0.30079,0,0,0.3019,0,0,0.04786,0,0,0.31297,0,0,0.30161,0,0,0.34009,0,0,0.40748,0,0,0.33339,0,0,0.0293,0,0,0.30736,0,0,0.30298,0,0
57,dart,1185,0.37003,0,0,0.35715,0,0,0.322,0,0,0.37061,0,0,0.2954,0,0,0.32494,0,0,0.3263,0,0,0.33037,0,0,0.32394,0,0,0.36043,0,0,0.36944,0,0,0.35587,0,0,0.34397,0,0,0.37426,0,0,0.30404,0,0,0.34437,0,0,0.38341,0,0,0.31908,0,0,0.37388,0,0,0.3184,0,0,0.35129,0,0,0.41809,0,0,0.34565,0,0,0.3362,0,0,0.36445,0,0
58,dart,754,0.37364,0,0,0.41473,0,0,0.35879,0,0,0.33622,0,0,0.33277,0,0,0.33742,0,0,0.34516,0,0,0.33509,0,0,0.36373,0,0,0.50013,0,0,0.42568,0,0,0.38378,0,0,0.43355,0,0,0.40875,0,0,0.36639,0,0,0.32911,0,0,0.30353,0,0,0.33683,0,0,0.32105,0,0,0.38237,0,0,0.33558,0,0,0.36067,0,0,0.37955,0,0,0.34027,0,0,0.35444,0,0
59,dart,383,0.28034,0,0,0.36302,0,0,0.31919,0,0,0.29289,0,0,0.41381,0,0,0.34582,0,0,0.34524,0,0,0.32271,0,0,0.34811,0,0,0.31042,0,0,0.04263,0,0,0.34648,0,0,0.37756,0,0,0.37014,0,0,0.30564,0,0,0.40346,0,0,0.41081,0,0,0.40273,0,0,0.33861,0,0,0.36488,0,0,0.33647,0,0,0.29661,0,0,0.3163,0,0,0.32378,0,0,0.34132,0,0
60,dart,338,0.28715,0,0,0.33423,0,0,0.40182,0,0,0.29341,0,0,0.3183,0,0,0.30141,0,0,0.35883,0,0,0.30742,0,0,0.02646,0,0,0.28768,0,0,0.28535,0,0,0.29754,0,0,0.29649,0,0,0.36832,0,0,0.2904,0,0,0.31244,0,0,0.29389,0,0,0.32064,0,0,0.3019,0,0,0.32274,0,0,0.40215,0,0,0.06292,0,0,0.29901,0,0,0.0502,0,0,0.31384,0,0
61,dart,1156,0.40887,0,0,0.38341,0,0,0.39232,0,0,0.35955,0,0,0.47746,0,0,0.36589,0,0,0.43967,0,0,0.15841,0,0,0.42874,0,0,0.28435,0,0,0.36312,0,0,0.46056,0,0,0.37469,0,0,0.38279,0,0,0.38577,0,0,0.38502,0,0,0.41187,0,0,0.13911,0,0,0.35097,0,0,0.34478,0,0,0.37107,0,0,0.35986,0,0,0.35029,0,0,0.15923,0,0,0.35727,0,0
62,dart,870,0.45385,0,0,0.46514,0,0,0.35859,0,0,0.39652,0,0,0.40238,0,0,0.37065,0,0,0.38386,0,0,0.41045,0,0,0.38263,0,0,0.38777,0,0,0.39578,0,0,0.38109,0,0,0.37493,0,0,0.32399,0,0,0.39556,0,0,0.43631,0,0,0.40499,0,0,0.46355,0,0,0.39079,0,0,0.42053,0,0,0.45535,0,0,0.35915,0,0,0.39651,0,0,0.36182,0,0,0.4215,0,0
63,dart,675,0.30534,0,0,0.29506,0,0,0.29922,0,0,0.33574,0,0,0.30937,0,0,0.31984,0,0,0.31186,0,0,0.03271,0,0,0.31498,0,0,0.34923,0,0,0.3055,0,0,0.32166,0,0,0.29639,0,0,0.4002,0,0,0.30181,0,0,0.31554,0,0,0.41082,0,0,0.30549,0,0,0.30288,0,0,0.36525,0,0,0.27999,0,0,0.30803,0,0,0.34278,0,0,0.31638,0,0,0.30147,0,0
64,dart,594,0.31679,0,0,0.3057,0,0,0.43068,0,0,0.37289,0,0,0.37592,0,0,0.32879,0,0,0.38933,0,0,0.40211,0,0,0.35466,0,0,0.44001,0,0,0.34556,0,0,0.39235,0,0,0.44076,0,0,0.33287,0,0,0.37588,0,0,0.34655,0,0,0.30207,0,0,0.3405,0,0,0.37818,0,0,0.37682,0,0,0.36171,0,0,0.48062,0,0,0.43882,0,0,0.33563,0,0,0.343,0,0
65,dart,1274,0.39595,0,0,0.42266,0,0,0.38589,0,0,0.40946,0,0,0.34636,0,0,0.38104,0,0,0.49992,0,0,0.37668,0,0,0.37341,0,0,0.4748,0,0,0.43283,0,0,0.45087,0,0,0.22588,0,0,0.39789,0,0,0.40732,0,0,0.39481,0,0,0.46555,0,0,0.29757,0,0,0.36743,0,0,0.39164,0,0,0.35294,0,0,0.42159,0,0,0.40706,0,0,0.47843,0,0,0.43479,0,0
66,dart,523,0.34486,0,0,0.32439,0,0,0.38625,0,0,0.38375,0,0,0.45353,0,0,0.33717,0,0,0.3968,0,0,0.38399,0,0,0.44705,0,0,0.43092,0,0,0.39289,0,0,0.38645,0,0,0.34075,0,0,0.36866,0,0,0.38276,0,0,0.42157,0,0,0.36447,0,0,0.37758,0,0,0.38182,0,0,0.34622,0,0,0.33389,0,0,0.38848,0,0,0.37215,0,0,0.35469,0,0,0.36765,0,0
67,dart,882,0.37859,0,0,0.29838,0,0,0.35704,0,0,0.32121,0,0,0.32047,0,0,0.28983,0,0,0.36657,0,0,0.30175,0,0,0.34697,0,0,0.37033,0,0,0.3135,0,0,0.30207,0,0,0.36502,0,0,0.2992,0,0,0.37879,0,0,0.32505,0,0,0.33693,0,0,0.3043,0,0,0.31469,0,0,0.3494,0,0,0.32445,0,0,0.34835,0,0,0.29487,0,0,0.31447,0,0,0.36949,0,0
68,dart,1130,0.29306,0,0,0.37391,0,0,0.43997,0,0,0.29889,0,0,0.31558,0,0,0.35869,0,0,0.32554,0,0,0.365,0,0,0.35732,0,0,0.40305,0,0,0.37483,0,0,0.41607,0,0,0.33371,0,0,0.36008,0,0,0.3403,0,0,0.33091,0,0,0.33532,0,0,0.35424,0,0,0.33718,0,0,0.34998,0,0,0.33156,0,0,0.34045,0,0,0.33802,0,0,0.37308,0,0,0.36219,0,0
69,dart,1179,0.34067,0,0,0.3981,0,0,0.34593,0,0,0.32425,0,0,0.29899,0,0,0.41018,0,0,0.29763,0,0,0.32979,0,0,0.35476,0,0,0.30692,0,0,0.40571,0,0,0.31298,0,0,0.41351,0,0,0.36169,0,0,0.32394,0,0,0.34294,0,0,0.32452,0,0,0.32525,0,0,0.35669,0,0,0.35016,0,0,0.37125,0,0,0.40875,0,0,0.35254,0,0,0.3471,0,0,0.41893,0,0
70,dart,1058,0.34238,0,0,0.36505,0,0,0.40365,0,0,0.39133,0,0,0.35321,0,0,0.32314,0,0,0.3874,0,0,0.42778,0,0,0.39494,0,0,0.37312,0,0,0.38156,0,0,0.35656,0,0,0.37946,0,0,0.33517,0,0,0.34744,0,0,0.42191,0,0,0.35568,0,0,0.44426,0,0,0.31843,0,0,0.3371,0,0,0.33161,0,0,0.35287,0,0,0.37572,0,0,0.33702,0,0,0.33969,0,0
71,dart,1381,0.31745,0,0,0.307,0,0,0.2928,0,0,0.37094,0,0,0.31014,0,0,0.3784,0,0,0.39549,0,0,0.42544,0,0,0.0478,0,0,0.31769,0,0,0.35169,0,0,0.33679,0,0,0.35997,0,0,0.33154,0,0,0.32691,0,0,0.33876,0,0,0.34973,0,0,0.39994,0,0,0.36419,0,0,0.44706,0,0,0.33376,0,0,0.33307,0,0,0.29907,0,0,0.30371,0,0,0.31636,0,0
72,dart,1241,0.34831,0,0,0.32155,0,0,0.38791,0,0,0.3522,0,0,0.38562,0,0,0.35966,0,0,0.32465,0,0,0.34421,0,0,0.36617,0,0,0.32074,0,0,0.35085,0,0,0.29216,0,0,0.35377,0,0,0.31524,0,0,0.31508,0,0,0.3602,0,0,0.41155,0,0,0.36972,0,0,0.0521,0,0,0.35976,0,0,0.40991,0,0,0.31796,0,0,0.33258,0,0,0.41669,0,0,0.33399,0,0
73,dart,381,0.32381,0,0,0.3127,0,0,0.3016,0,0,0.30058,0,0,0.308,0,0,0.33347,0,0,0.34303,0,0,0.29625,0,0,0.30948,0,0,0.28559,0,0,0.32077,0,0,0.40541,0,0,0.3356,0,0,0.34835,0,0,0.32494,0,0,0.28879,0,0,0.31083,0,0,0.04583,0,0,0.28732,0,0,0.29638,0,0,0.3148,0,0,0.30948,0,0,0.3011,0,0,0.32415,0,0,0.29924,0,0
74,dart,166,0.38181,0,0,0.51278,0,0,0.50552,0,0,0.40944,0,0,0.38696,0,0,0.43421,0,0,0.51409,0,0,0.38128,0,0,0.36802,0,0,0.50498,0,0,0.50899,0,0,0.39528,0,0,0.40658,0,0,0.36217,0,0,0.50833,0,0,0.38238,0,0,0.47257,0,0,0.374,0,0,0.36352,0,0,0.51187,0,0,0.51169,0,0,0.38315,0,0,0.40209,0,0,0.38371,0,0,0.51131,0,0
75,dart,324,0.30639,0,0,0.34496,0,0,0.28042,0,0,0.29515,0,0,0.32866,0,0,0.29807,0,0,0.29172,0,0,0.34896,0,0,0.30019,0,0,0.30262,0,0,0.29174,0,0,0.32659,0,0,0.34149,0,0,0.28078,0,0,0.3478,0,0,0.29478,0,0,0.32557,0,0,0.30741,0,0,0.28299,0,0,0.3,0,0,0.34709,0,0,0.29274,0,0,0.33253,0,0,0.34751,0,0,0.29772,0,0
76,dart,82,0.29847,0,0,0.34221,0,0,0.29047,0,0,0.32394,0,0,0.34553,0,0,0.03934,0,0,0.26953,0,0,0.32185,0,0,0.27882,0,0,0.28279,0,0,0.26903,0,0,0.26382,0,0,0.28871,0,0,0.32684,0,0,0.29452,0,0,0.28196,0,0,0.2715,0,0,0.29734,0,0,0.27863,0,0,0.26157,0,0,0.27913,0,0,0.29081,0,0,0.25865,0,0,0.26185,0,0,0.26138,0,0
77,dart,76,0.34829,0,0,0.43219,0,0,0.28751,0,0,0.30217,0,0,0.37357,0,0,0.32704,0,0,0.31459,0,0,0.34468,0,0,0.3132,0,0,0.30174,0,0,0.33313,0,0,0.32935,0,0,0.3453,0,0,0.33084,0,0,0.30404,0,0,0.30483,0,0,0.33281,0,0,0.35079,0,0,0.34652,0,0,0.31611,0,0,0.39335,0,0,0.34065,0,0,0.33274,0,0,0.38953,0,0,0.29895,0,0
78,dart,76,0.29827,0,0,0.32168,0,0,0.30791,0,0,0.34692,0,0,0.30282,0,0,0.31848,0,0,0.32667,0,0,0.30183,0,0,0.3521,0,0,0.33016,0,0,0.32833,0,0,0.3904,0,0,0.32132,0,0,0.34594,0,0,0.30379,0,0,0.30512,0,0,0.34727,0,0,0.31769,0,0,0.39391,0,0,0.35073,0,0,0.32554,0,0,0.39229,0,0,0.34993,0,0,0.39252,0,0,0.34908,0,0
79,dart,69,0.0773,0,0,0.34894,0,0,0.38993,0,0,0.34708,0,0,0.34652,0,0,0.3287,0,0,0.29652,0,0,0.30146,0,0,0.35287,0,0,0.35199,0,0,0.31731,0,0,0.2672,0,0,0.32695,0,0,0.34788,0,0,0.32497,0,0,0.3908,0,0,0.29846,0,0,0.27941,0,0,0.3928,0,0,0.30058,0,0,0.38366,0,0,0.30604,0,0,0.31033,0,0,0.39345,0,0,0.28996,0,0
80,dart,708,0.34335,0,0,0.38483,0,0,0.40747,0,0,0.35314,0,0,0.35213,0,0,0.36919,0,0,0.40207,0,0,0.37558,0,0,0.31952,0,0,0.31535,0,0,0.40129,0,0,0.3494,0,0,0.30407,0,0,0.37117,0,0,0.33146,0,0,0.36041,0,0,0.34359,0,0,0.32267,0,0,0.07338,0,0,0.35175,0,0,0.35239,0,0,0.34134,0,0,0.32365,0,0,0.33339,0,0,0.41979,0,0
81,dart,200,0.2781,0,0,0.0501,0,0,0.3374,0,0,0.29832,0,0,0.30486,0,0,0.32713,0,0,0.37634,0,0,0.40119,0,0,0.30269,0,0,0.36997,0,0,0.32378,0,0,0.3235,0,0,0.34266,0,0,0.32156,0,0,0.40194,0,0,0.32278,0,0,0.31489,0,0,0.07124,0,0,0.3331,0,0,0.31395,0,0,0.31214,0,0,0.30494,0,0,0.30932,0,0,0.34231,0,0,0.31672,0,0
82,dart,942,0.34719,0,0,0.27943,0,0,0.31107,0,0,0.32461,0,0,0.34701,0,0,0.32808,0,0,0.28905,0,0,0.35381,0,0,0.30042,0,0,0.36305,0,0,0.31718,0,0,0.30666,0,0,0.28937,0,0,0.31425,0,0,0.31597,0,0,0.31235,0,0,0.30192,0,0,0.32172,0,0,0.32804,0,0,0.4098,0,0,0.37067,0,0,0.3324,0,0,0.35768,0,0,0.3662,0,0,0.30288,0,0
83,dart,287,0.35621,0,0,0.3877,0,0,0.39091,0,0,0.29067,0,0,0.29969,0,0,0.39103,0,0,0.32635,0,0,0.28418,0,0,0.29936,0,0,0.30881,0,0,0.35319,0,0,0.3932,0,0,0.33411,0,0,0.31264,0,0,0.33544,0,0,0.28937,0,0,0.43446,0,0,0.37085,0,0,0.35184,0,0,0.33171,0,0,0.32981,0,0,0.30392,0,0,0.3356,0,0,0.35475,0,0,0.30187,0,0
84,dart,965,0.29074,0,0,0.34209,0,0,0.35622,0,0,0.30315,0,0,0.31448,0,0,0.29463,0,0,0.31439,0,0,0.3004,0,0,0.03363,0,0,0.07679,0,0,0.29423,0,0,0.30212,0,0,0.40374,0,0,0.34349,0,0,0.29571,0,0,0.2871,0,0,0.05878,0,0,0.03642,0,0,0.32702,0,0,0.29908,0,0,0.34874,0,0,0.31162,0,0,0.05459,0,0,0.30617,0,0,0.32031,0,0
85,dart,104,0.15255,0,0,0.2592,0,0,0.17627,0,0,0.16744,0,0,0.13446,0,0,0.14647,0,0,0.15699,0,0,0.09546,0,0,0.13455,0,0,0.11963,0,0,0.19583,0,0,0.17565,0,0,0.17492,0,0,0.26031,0,0,0.11256,0,0,0.13297,0,0,0.16528,0,0,0.03304,0,0,0.15941,0,0,0.21572,0,0,0.25676,0,0,0.11841,0,0,0.21877,0,0,0.13477,0,0,0.11507,0,0
86,dart,345,0.32706,0,0,0.2926,0,0,0.39374,0,0,0.35072,0,0,0.28247,0,0,0.29928,0,0,0.32728,0,0,0.27388,0,0,0.31181,0,0,0.3449,0,0,0.32716,0,0,0.32875,0,0,0.35361,0,0,0.28571,0,0,0.2864,0,0,0.30211,0,0,0.35556,0,0,0.28424,0,0,0.32249,0,0,0.32955,0,0,0.35211,0,0,0.26525,0,0,0.32444,0,0,0.27939,0,0,0.33577,0,0
87,dart,2546,0.36461,0,0,0.40043,0,0,0.4067,0,0,0.37103,0,0,0.40066,0,0,0.42045,0,0,0.42407,0,0,0.31789,0,0,0.42912,0,0,0.38335,0,0,0.42165,0,0,0.41366,0,0,0.39255,0,0,0.43428,0,0,0.37924,0,0,0.42412,0,0,0.44109,0,0,0.41189,0,0,0.42996,0,0,0.43688,0,0,0.40802,0,0,0.38498,0,0,0.41369,0,0,0.3858,0,0,0.41744,0,0
88,dart,329,0.29274,0,0,0.36291,0,0,0.26936,0,0,0.33482,0,0,0.3127,0,0,0.40769,0,0,0.36505,0,0,0.29584,0,0,0.31849,0,0,0.30809,0,0,0.3288,0,0,0.2976,0,0,0.31353,0,0,0.35231,0,0,0.29634,0,0,0.30936,0,0,0.35729,0,0,0.39655,0,0,0.33098,0,0,0.36181,0,0,0.32324,0,0,0.29784,0,0,0.40323,0,0,0.31003,0,0,0.36113,0,0
89,dart,80,0.27248,0,0,0.29684,0,0,0.31096,0,0,0.29303,0,0,0.29217,0,0,0.291,0,0,0.29576,0,0,0.28639,0,0,0.29139,0,0,0.2684,0,0,0.28972,0,0,0.31176,0,0,0.38999,0,0,0.27769,0,0,0.35504,0,0,0.28815,0,0,0.31017,0,0,0.34575,0,0,0.31299,0,0,0.32363,0,0,0.31084,0,0,0.29252,0,0,0.03471,0,0,0.29394,0,0,0.28487,0,0
90,dart,439,0.36322,0,0,0.31808,0,0,0.31295,0,0,0.3189,0,0,0.28947,0,0,0.30367,0,0,0.28325,0,0,0.27951,0,0,0.31094,0,0,0.31232,0,0,0.3232,0,0,0.29183,0,0,0.30137,0,0,0.28577,0,0,0.29748,0,0,0.31852,0,0,0.30288,0,0,0.30094,0,0,0.30904,0,0,0.28184,0,0,0.32737,0,0,0.31108,0,0,0.37565,0,0,0.29189,0,0,0.2996,0,0
91,dart,1353,0.33272,0,0,0.42801,0,0,0.3416,0,0,0.38005,0,0,0.06524,0,0,0.30718,0,0,0.35906,0,0,0.31665,0,0,0.3496,0,0,0.43883,0,0,0.04512,0,0,0.38003,0,0,0.32486,0,0,0.33548,0,0,0.35787,0,0,0.31929,0,0,0.32125,0,0,0.38446,0,0,0.07638,0,0,0.3843,0,0,0.316,0,0,0.33004,0,0,0.36217,0,0,0.29532,0,0,0.28956,0,0
92,dart,219,0.33646,0,0,0.30828,0,0,0.338,0,0,0.30495,0,0,0.35505,0,0,0.35182,0,0,0.34156,0,0,0.31367,0,0,0.34267,0,0,0.32506,0,0,0.32205,0,0,0.31864,0,0,0.31108,0,0,0.34934,0,0,0.35913,0,0,0.30687,0,0,0.3291,0,0,0.32145,0,0,0.28476,0,0,0.27309,0,0,0.33937,0,0,0.3074,0,0,0.41315,0,0,0.3625,0,0,0.39777,0,0
93,dart,237,0.42261,0,0,0.34745,0,0,0.35008,0,0,0.40438,0,0,0.32854,0,0,0.40768,0,0,0.34736,0,0,0.33607,0,0,0.38065,0,0,0.36658,0,0,0.31847,0,0,0.36895,0,0,0.33337,0,0,0.31766,0,0,0.3322,0,0,0.34191,0,0,0.37379,0,0,0.36492,0,0,0.3295,0,0,0.41758,0,0,0.37315,0,0,0.35906,0,0,0.38192,0,0,0.3967,0,0,0.31381,0,0
94,dart,1486,0.39681,0,0,0.31668,0,0,0.36677,0,0,0.32609,0,0,0.40062,0,0,0.3044,0,0,0.31336,0,0,0.3689,0,0,0.3159,0,0,0.32851,0,0,0.33501,0,0,0.32908,0,0,0.34738,0,0,0.32252,0,0,0.35053,0,0,0.36712,0,0,0.40646,0,0,0.40511,0,0,0.30605,0,0,0.34501,0,0,0.31146,0,0,0.32227,0,0,0.40103,0,0,0.32715,0,0,0.04701,0,0
95,dart,1112,0.32737,0,0,0.31186,0,0,0.36132,0,0,0.35821,0,0,0.31336,0,0,0.30008,0,0,0.40037,0,0,0.27607,0,0,0.33369,0,0,0.32377,0,0,0.36211,0,0,0.33068,0,0,0.33328,0,0,0.34441,0,0,0.40024,0,0,0.33702,0,0,0.33655,0,0,0.04765,0,0,0.37595,0,0,0.3335,0,0,0.34621,0,0,0.11348,0,0,0.33373,0,0,0.04524,0,0,0.07146,0,0
96,dart,493,0.37583,0,0,0.39179,0,0,0.32281,0,0,0.34358,0,0,0.3636,0,0,0.32096,0,0,0.33989,0,0,0.30617,0,0,0.32437,0,0,0.33772,0,0,0.38923,0,0,0.34835,0,0,0.41159,0,0,0.38591,0,0,0.35349,0,0,0.37948,0,0,0.37174,0,0,0.36827,0,0,0.31367,0,0,0.32162,0,0,0.35733,0,0,0.33974,0,0,0.37578,0,0,0.33274,0,0,0.3347,0,0
97,dart,780,0.29817,0,0,0.31477,0,0,0.28135,0,0,0.30934,0,0,0.30697,0,0,0.34039,0,0,0.3073,0,0,0.32465,0,0,0.32954,0,0,0.36726,0,0,0.40899,0,0,0.28862,0,0,0.3003,0,0,0.41875,0,0,0.31665,0,0,0.38469,0,0,0.32898,0,0,0.05674,0,0,0.31703,0,0,0.04694,0,0,0.31902,0,0,0.36865,0,0,0.30541,0,0,0.32097,0,0,0.33725,0,0
98,dart,214,0.29398,0,0,0.31665,0,0,0.29165,0,0,0.35554,0,0,0.35547,0,0,0.30852,0,0,0.28017,0,0,0.31439,0,0,0.35904,0,0,0.31492,0,0,0.27363,0,0,0.30916,0,0,0.33491,0,0,0.31055,0,0,0.04133,0,0,0.28117,0,0,0.34048,0,0,0.3553,0,0,0.30548,0,0,0.30624,0,0,0.33724,0,0,0.35365,0,0,0.40094,0,0,0.33091,0,0,0.31273,0,0
99,dart,730,0.29941,0,0,0.31789,0,0,0.3256,0,0,0.39665,0,0,0.30128,0,0,0.3172,0,0,0.3023,0,0,0.36686,0,0,0.3519,0,0,0.33551,0,0,0.39983,0,0,0.3476,0,0,0.34343,0,0,0.40868,0,0,0.37152,0,0,0.31835,0,0,0.32387,0,0,0.32383,0,0,0.31271,0,0,0.31781,0,0,0.29364,0,0,0.31429,0,0,0.33933,0,0,0.34495,0,0,0.29066,0,0
100,dart,485,0.34537,0,0,0.30356,0,0,0.29712,0,0,0.29648,0,0,0.29357,0,0,0.29546,0,0,0.26459,0,0,0.35267,0,0,0.39459,0,0,0.33873,0,0,0.34517,0,0,0.32745,0,0,0.32437,0,0,0.32618,0,0,0.30094,0,0,0.12798,0,0,0.28568,0,0,0.30355,0,0,0.29842,0,0,0.33084,0,0,0.2714,0,0,0.32609,0,0,0.31397,0,0,0.32421,0,0,0.30612,0,0
101,dart,484,0.40415,0,0,0.33409,0,0,0.35738,0,0,0.32115,0,0,0.35458,0,0,0.30724,0,0,0.30877,0,0,0.31476,0,0,0.29788,0,0,0.28716,0,0,0.34019,0,0,0.31369,0,0,0.27205,0,0,0.33148,0,0,0.31114,0,0,0.30696,0,0,0.30878,0,0,0.39623,0,0,0.31913,0,0,0.3233,0,0,0.30525,0,0,0.39156,0,0,0.35372,0,0,0.33489,0,0,0.34913,0,0
102,dart,43,0.38467,0,0,0.27216,0,0,0.29237,0,0,0.34123,0,0,0.28796,0,0,0.31616,0,0,0.29254,0,0,0.29303,0,0,0.37971,0,0,0.33908,0,0,0.37948,0,0,0.31882,0,0,0.38057,0,0,0.30723,0,0,0.30134,0,0,0.32572,0,0,0.28895,0,0,0.38326,0,0,0.3404,0,0,0.31856,0,0,0.38538,0,0,0.38131,0,0,0.31221,0,0,0.2903,0,0,0.29007,0,0
103,dart,43,0.27523,0,0,0.27273,0,0,0.3348,0,0,0.28606,0,0,0.28482,0,0,0.26825,0,0,0.33333,0,0,0.26923,0,0,0.27418,0,0,0.33487,0,0,0.28267,0,0,0.2818,0,0,0.25258,0,0,0.01616,0,0,0.28514,0,0,0.28571,0,0,0.28492,0,0,0.28274,0,0,0.3,0,0,0.26647,0,0,0.3059,0,0,0.2756,0,0,0.29717,0,0,0.26461,0,0,0.28033,0,0
104,dart,419,0.30847,0,0,0.29821,0,0,0.30562,0,0,0.31087,0,0,0.30454,0,0,0.35387,0,0,0.36104,0,0,0.31629,0,0,0.32674,0,0,0.32197,0,0,0.3603,0,0,0.31201,0,0,0.31675,0,0,0.29782,0,0,0.30249,0,0,0.34199,0,0,0.35644,0,0,0.31759,0,0,0.2795,0,0,0.34077,0,0,0.34525,0,0,0.30755,0,0,0.36474,0,0,0.40564,0,0,0.27201,0,0
105,dart,691,0.28376,0,0,0.32279,0,0,0.27992,0,0,0.04431,0,0,0.34532,0,0,0.30328,0,0,0.0436,0,0,0.28239,0,0,0.29722,0,0,0.28759,0,0,0.27565,0,0,0.32326,0,0,0.31457,0,0,0.29798,0,0,0.31868,0,0,0.29516,0,0,0.35165,0,0,0.33784,0,0,0.38522,0,0,0.28053,0,0,0.3054,0,0,0.30326,0,0,0.30293,0,0,0.27206,0,0,0.0265,0,0
106,dart,1238,0.31238,0,0,0.41775,0,0,0.37587,0,0,0.38431,0,0,0.36444,0,0,0.31713,0,0,0.34167,0,0,0.37767,0,0,0.32624,0,0,0.38164,0,0,0.44965,0,0,0.34924,0,0,0.37447,0,0,0.43007,0,0,0.44245,0,0,0.3219,0,0,0.32377,0,0,0.35905,0,0,0.33833,0,0,0.36217,0,0,0.34859,0,0,0.30883,0,0,0.33299,0,0,0.32374,0,0,0.42725,0,0
107,dart,1173,0.33482,0,0,0.39361,0,0,0.34815,0,0,0.36532,0,0,0.34573,0,0,0.37926,0,0,0.41947,0,0,0.32473,0,0,0.34668,0,0,0.37764,0,0,0.3442,0,0,0.34528,0,0,0.40515,0,0,0.36866,0,0,0.41667,0,0,0.33147,0,0,0.37002,0,0,0.36843,0,0,0.34438,0,0,0.41388,0,0,0.08123,0,0,0.35315,0,0,0.06157,0,0,0.09212,0,0,0.39087,0,0
108,dart,1076,0.37676,0,0,0.3049,0,0,0.38221,0,0,0.35865,0,0,0.37783,0,0,0.33174,0,0,0.37373,0,0,0.33613,0,0,0.36449,0,0,0.46257,0,0,0.32886,0,0,0.33346,0,0,0.35877,0,0,0.33701,0,0,0.35288,0,0,0.35181,0,0,0.37299,0,0,0.33133,0,0,0.30886,0,0,0.36201,0,0,0.3465,0,0,0.31811,0,0,0.33373,0,0,0.35184,0,0,0.37335,0,0
109,dart,3076,0.35508,0,0,0.36131,0,0,0.32033,0,0,0.38728,0,0,0.34459,0,0,0.34083,0,0,0.33789,0,0,0.4708,0,0,0.33614,0,0,0.39687,0,0,0.35031,0,0,0.35567,0,0,0.33917,0,0,0.38422,0,0,0.34229,0,0,0.40699,0,0,0.36758,0,0,0.34608,0,0,0.34254,0,0,0.3403,0,0,0.33842,0,0,0.38771,0,0,0.33713,0,0,0.42868,0,0,0.35037,0,0
110,dart,435,0.41309,0,0,0.36741,0,0,0.32731,0,0,0.28756,0,0,0.29861,0,0,0.36754,0,0,0.37974,0,0,0.30195,0,0,0.28382,0,0,0.37008,0,0,0.41439,0,0,0.29417,0,0,0.4498,0,0,0.32501,0,0,0.31871,0,0,0.31761,0,0,0.41273,0,0,0.31911,0,0,0.34868,0,0,0.33413,0,0,0.30859,0,0,0.36892,0,0,0.30474,0,0,0.33272,0,0,0.40405,0,0
111,dart,874,0.29624,0,0,0.34043,0,0,0.35433,0,0,0.3483,0,0,0.30962,0,0,0.39302,0,0,0.36558,0,0,0.31797,0,0,0.35595,0,0,0.34038,0,0,0.3167,0,0,0.35868,0,0,0.40991,0,0,0.34349,0,0,0.31461,0,0,0.34436,0,0,0.39899,0,0,0.39646,0,0,0.31448,0,0,0.31782,0,0,0.34167,0,0,0.30622,0,0,0.31934,0,0,0.32703,0,0,0.35924,0,0
112,dart,2146,0.33095,0,0,0.29127,0,0,0.3246,0,0,0.38208,0,0,0.37157,0,0,0.30974,0,0,0.38978,0,0,0.37091,0,0,0.33921,0,0,0.37137,0,0,0.31261,0,0,0.40815,0,0,0.29261,0,0,0.30804,0,0,0.36406,0,0,0.34325,0,0,0.41809,0,0,0.32432,0,0,0.35902,0,0,0.3688,0,0,0.36085,0,0,0.29279,0,0,0.30722,0,0,0.37042,0,0,0.33933,0,0
113,dart,515,0.36262,0,0,0.34396,0,0,0.38045,0,0,0.40114,0,0,0.33642,0,0,0.3362,0,0,0.32036,0,0,0.36226,0,0,0.33957,0,0,0.33785,0,0,0.32863,0,0,0.30532,0,0,0.35382,0,0,0.29576,0,0,0.40684,0,0,0.37641,0,0,0.32921,0,0,0.37254,0,0,0.33433,0,0,0.35642,0,0,0.29984,0,0,0.31266,0,0,0.34436,0,0,0.3125,0,0,0.36265,0,0
114,dart,933,0.35718,0,0,0.31474,0,0,0.29058,0,0,0.34625,0,0,0.29857,0,0,0.41288,0,0,0.32778,0,0,0.28161,0,0,0.35846,0,0,0.29752,0,0,0.31464,0,0,0.3077,0,0,0.31451,0,0,0.32628,0,0,0.33585,0,0,0.33708,0,0,0.29978,0,0,0.33071,0,0,0.31098,0,0,0.27522,0,0,0.28906,0,0,0.33103,0,0,0.35682,0,0,0.35852,0,0,0.30396,0,0
115,dart,86,0.39458,0,0,0.32238,0,0,0.3093,0,0,0.32335,0,0,0.28912,0,0,0.31269,0,0,0.33693,0,0,0.329,0,0,0.39216,0,0,0.39231,0,0,0.31052,0,0,0.39906,0,0,0.33283,0,0,0.38978,0,0,0.29318,0,0,0.39152,0,0,0.32818,0,0,0.29699,0,0,0.29826,0,0,0.35113,0,0,0.32954,0,0,0.35178,0,0,0.37323,0,0,0.31785,0,0,0.29726,0,0
116,dart,86,0.27034,0,0,0.30952,0,0,0.35717,0,0,0.38847,0,0,0.37068,0,0,0.29093,0,0,0.29146,0,0,0.37522,0,0,0.32896,0,0,0.29185,0,0,0.35236,0,0,0.35987,0,0,0.35561,0,0,0.29263,0,0,0.29417,0,0,0.34737,0,0,0.35103,0,0,0.31095,0,0,0.36739,0,0,0.30697,0,0,0.28855,0,0,0.32914,0,0,0.26775,0,0,0.30133,0,0,0.34899,0,0
117,dart,265,0.29767,0,0,0.35939,0,0,0.36245,0,0,0.31477,0,0,0.3585,0,0,0.35145,0,0,0.3835,0,0,0.29369,0,0,0.30519,0,0,0.36013,0,0,0.37429,0,0,0.3703,0,0,0.37635,0,0,0.34414,0,0,0.31364,0,0,0.32533,0,0,0.3522,0,0,0.43186,0,0,0.32555,0,0,0.36456,0,0,0.35867,0,0,0.31519,0,0,0.3397,0,0,0.40622,0,0,0.29935,0,0
118,dart,432,0.39166,0,0,0.3475,0,0,0.35205,0,0,0.35818,0,0,0.34908,0,0,0.40752,0,0,0.3348,0,0,0.37092,0,0,0.35049,0,0,0.34896,0,0,0.37351,0,0,0.34292,0,0,0.36998,0,0,0.40186,0,0,0.3462,0,0,0.35151,0,0,0.35516,0,0,0.41462,0,0,0.37399,0,0,0.34213,0,0,0.32479,0,0,0.40226,0,0,0.18854,0,0,0.36822,0,0,0.31804,0,0
119,dart,101,0.34776,0,0,0.30356,0,0,0.29538,0,0,0.28262,0,0,0.3236,0,0,0.38892,0,0,0.32754,0,0,0.30601,0,0,0.28338,0,0,0.34538,0,0,0.29672,0,0,0.34739,0,0,0.34514,0,0,0.30525,0,0,0.34897,0,0,0.27733,0,0,0.38757,0,0,0.28789,0,0,0.32575,0,0,0.3475,0,0,0.3071,0,0,0.28611,0,0,0.30787,0,0,0.33426,0,0,0.31045,0,0
120,dart,147,0.29735,0,0,0.27125,0,0,0.31758,0,0,0.30074,0,0,0.04834,0,0,0.12398,0,0,0.33905,0,0,0.30567,0,0,0.27433,0,0,0.03864,0,0,0.29198,0,0,0.33982,0,0,0.33695,0,0,0.31904,0,0,0.38913,0,0,0.36191,0,0,0.32944,0,0,0.09563,0,0,0.28629,0,0,0.30785,0,0,0.0605,0,0,0.26668,0,0,0.05254,0,0,0.27227,0,0,0.29107,0,0
121,dart,4338,0.3598,0,0,0.3545,0,0,0.35145,0,0,0.36522,0,0,0.39362,0,0,0.33969,0,0,0.37501,0,0,0.39535,0,0,0.33709,0,0,0.37684,0,0,0.32594,0,0,0.35238,0,0,0.38044,0,0,0.42424,0,0,0.49238,0,0,0.40677,0,0,0.4132,0,0,0.38974,0,0,0.3828,0,0,0.36392,0,0,0.34222,0,0,0.34202,0,0,0.34008,0,0,0.36619,0,0,0.39938,0,0
122,dart,5416,0.42551,0,0,0.3907,0,0,0.43958,0,0,0.36818,0,0,0.39949,0,0,0.4188,0,0,0.38656,0,0,0.39744,0,0,0.37792,0,0,0.41247,0,0,0.40001,0,0,0.39364,0,0,0.38836,0,0,0.39519,0,0,0.10711,0,0,0.34748,0,0,0.3941,0,0,0.40868,0,0,0.44238,0,0,0.30792,0,0,0.41055,0,0,0.42614,0,0,0.37879,0,0,0.39259,0,0,0.37227,0,0
123,dart,366,0.29934,0,0,0.35616,0,0,0.34073,0,0,0.3269,0,0,0.32624,0,0,0.3258,0,0,0.3331,0,0,0.36027,0,0,0.40464,0,0,0.35964,0,0,0.31702,0,0,0.29414,0,0,0.34613,0,0,0.31512,0,0,0.3458,0,0,0.31677,0,0,0.33139,0,0,0.33527,0,0,0.29116,0,0,0.05982,0,0,0.31382,0,0,0.33696,0,0,0.35589,0,0,0.28514,0,0,0.35904,0,0
124,dart,637,0.33747,0,0,0.33229,0,0,0.31217,0,0,0.37124,0,0,0.36223,0,0,0.35939,0,0,0.38259,0,0,0.34785,0,0,0.33506,0,0,0.33805,0,0,0.32874,0,0,0.35039,0,0,0.33384,0,0,0.37991,0,0,0.32409,0,0,0.4324,0,0,0.31691,0,0,0.34211,0,0,0.33944,0,0,0.42883,0,0,0.43323,0,0,0.35653,0,0,0.3782,0,0,0.32606,0,0,0.31745,0,0
125,dart,21,0.34522,0,0,0.38922,0,0,0.3006,0,0,0.32217,0,0,0.30049,0,0,0.34135,0,0,0.34087,0,0,0.36724,0,0,0.32121,0,0,0.31159,0,0,0.30245,0,0,0.38219,0,0,0.32978,0,0,0.34215,0,0,0.38516,0,0,0.28738,0,0,0.32197,0,0,0.32261,0,0,0.29443,0,0,0.2937,0,0,0.25714,0,0,0.31024,0,0,0.32297,0,0,0.30108,0,0,0.38565,0,0
126,dart,121,0.18306,0,0,0.19954,0,0,0.18122,0,0,0.14321,0,0,0.27878,0,0,0.13403,0,0,0.21842,0,0,0.17692,0,0,0.09716,0,0,0.17712,0,0,0.14177,0,0,0.1802,0,0,0.18499,0,0,0.05064,0,0,0.19227,0,0,0.04786,0,0,0.09314,0,0,0.26705,0,0,0.11154,0,0,0.18111,0,0,0.22206,0,0,0.17479,0,0,0.20745,0,0,0.18241,0,0,0.17767,0,0
127,dart,305,0.42447,0,0,0.33467,0,0,0.35934,0,0,0.34855,0,0,0.33041,0,0,0.34593,0,0,0.42465,0,0,0.43093,0,0,0.31572,0,0,0.33099,0,0,0.34672,0,0,0.32333,0,0,0.36293,0,0,0.42228,0,0,0.41368,0,0,0.04394,0,0,0.35146,0,0,0.31887,0,0,0.37516,0,0,0.30966,0,0,0.33469,0,0,0.07018,0,0,0.32045,0,0,0.3304,0,0,0.06257,0,0
128,dart,528,0.38659,0,0,0.42512,0,0,0.38511,0,0,0.37031,0,0,0.06254,0,0,0.33435,0,0,0.33658,0,0,0.43066,0,0,0.34266,0,0,0.3379,0,0,0.40468,0,0,0.37121,0,0,0.10217,0,0,0.33077,0,0,0.34629,0,0,0.40166,0,0,0.33987,0,0,0.33667,0,0,0.37117,0,0,0.34443,0,0,0.3916,0,0,0.3598,0,0,0.3331,0,0,0.37944,0,0,0.37717,0,0
129,dart,479,0.34599,0,0,0.41231,0,0,0.35704,0,0,0.37691,0,0,0.32451,0,0,0.32974,0,0,0.36122,0,0,0.32246,0,0,0.38717,0,0,0.32646,0,0,0.36225,0,0,0.3451,0,0,0.35305,0,0,0.36646,0,0,0.40747,0,0,0.31973,0,0,0.33345,0,0,0.28523,0,0,0.36222,0,0,0.27687,0,0,0.31712,0,0,0.30239,0,0,0.3093,0,0,0.30987,0,0,0.39008,0,0
130,dart,365,0.35383,0,0,0.30488,0,0,0.30443,0,0,0.35388,0,0,0.38403,0,0,0.33238,0,0,0.29396,0,0,0.31064,0,0,0.27956,0,0,0.30154,0,0,0.32881,0,0,0.04584,0,0,0.30862,0,0,0.28311,0,0,0.28119,0,0,0.31281,0,0,0.30003,0,0,0.3464,0,0,0.33574,0,0,0.27797,0,0,0.3117,0,0,0.28503,0,0,0.29405,0,0,0.39467,0,0,0.29111,0,0
131,dart,148,0.30785,0,0,0.30257,0,0,0.39598,0,0,0.26889,0,0,0.33946,0,0,0.35363,0,0,0.35907,0,0,0.28877,0,0,0.35098,0,0,0.27246,0,0,0.29755,0,0,0.31394,0,0,0.3322,0,0,0.29684,0,0,0.30204,0,0,0.28836,0,0,0.35743,0,0,0.28448,0,0,0.35965,0,0,0.29002,0,0,0.29819,0,0,0.31594,0,0,0.03628,0,0,0.31241,0,0,0.30316,0,0
132,dart,182,0.30308,0,0,0.39825,0,0,0.04625,0,0,0.31599,0,0,0.0704,0,0,0.3519,0,0,0.34255,0,0,0.36494,0,0,0.33126,0,0,0.4113,0,0,0.04774,0,0,0.34027,0,0,0.30373,0,0,0.31845,0,0,0.338,0,0,0.36432,0,0,0.39439,0,0,0.35268,0,0,0.35408,0,0,0.32955,0,0,0.35613,0,0,0.28945,0,0,0.31891,0,0,0.35379,0,0,0.33329,0,0
133,dart,685,0.36135,0,0,0.34217,0,0,0.35412,0,0,0.31876,0,0,0.3364,0,0,0.31684,0,0,0.31929,0,0,0.32384,0,0,0.30901,0,0,0.35403,0,0,0.31261,0,0,0.36489,0,0,0.32467,0,0,0.36305,0,0,0.33566,0,0,0.35751,0,0,0.35671,0,0,0.32764,0,0,0.34933,0,0,0.35968,0,0,0.35925,0,0,0.34721,0,0,0.30968,0,0,0.35818,0,0,0.29568,0,0
134,dart,1878,0.28654,0,0,0.35579,0,0,0.28547,0,0,0.31547,0,0,0.2872,0,0,0.34804,0,0,0.31827,0,0,0.27986,0,0,0.33401,0,0,0.29928,0,0,0.36067,0,0,0.35762,0,0,0.30904,0,0,0.37229,0,0,0.36443,0,0,0.30987,0,0,0.34611,0,0,0.30965,0,0,0.36518,0,0,0.32419,0,0,0.36409,0,0,0.36141,0,0,0.35997,0,0,0.308,0,0,0.32881,0,0
135,dart,366,0.36732,0,0,0.41876,0,0,0.34406,0,0,0.3397,0,0,0.38612,0,0,0.40774,0,0,0.34344,0,0,0.32144,0,0,0.35446,0,0,0.39548,0,0,0.32686,0,0,0.41956,0,0,0.37023,0,0,0.40854,0,0,0.3785,0,0,0.3394,0,0,0.31931,0,0,0.34378,0,0,0.37971,0,0,0.40195,0,0,0.35068,0,0,0.34598,0,0,0.4248,0,0,0.32903,0,0,0.35494,0,0
136,dart,358,0.36059,0,0,0.08512,0,0,0.36235,0,0,0.28912,0,0,0.40124,0,0,0.34213,0,0,0.36113,0,0,0.31395,0,0,0.29503,0,0,0.35659,0,0,0.3823,0,0,0.37549,0,0,0.32432,0,0,0.36005,0,0,0.33316,0,0,0.31953,0,0,0.29329,0,0,0.33785,0,0,0.40685,0,0,0.40435,0,0,0.37886,0,0,0.36045,0,0,0.31048,0,0,0.3874,0,0,0.34016,0,0
137,dart,99,0.28671,0,0,0.32618,0,0,0.32698,0,0,0.35356,0,0,0.324,0,0,0.30224,0,0,0.35645,0,0,0.32731,0,0,0.39638,0,0,0.28427,0,0,0.29468,0,0,0.02872,0,0,0.29131,0,0,0.03933,0,0,0.28586,0,0,0.30537,0,0,0.30791,0,0,0.31644,0,0,0.3084,0,0,0.30255,0,0,0.39199,0,0,0.03466,0,0,0.34504,0,0,0.3931,0,0,0.30126,0,0
138,dart,1024,0.40329,0,0,0.42456,0,0,0.39423,0,0,0.36072,0,0,0.32717,0,0,0.39331,0,0,0.35957,0,0,0.32769,0,0,0.31684,0,0,0.42784,0,0,0.09797,0,0,0.42509,0,0,0.42281,0,0,0.32401,0,0,0.37877,0,0,0.39162,0,0,0.38687,0,0,0.34704,0,0,0.32672,0,0,0.33306,0,0,0.32731,0,0,0.33603,0,0,0.39388,0,0,0.38186,0,0,0.09844,0,0
139,dart,632,0.32836,0,0,0.43203,0,0,0.43675,0,0,0.34994,0,0,0.43677,0,0,0.38794,0,0,0.35425,0,0,0.33699,0,0,0.41207,0,0,0.41053,0,0,0.37139,0,0,0.44818,0,0,0.38875,0,0,0.35674,0,0,0.39064,0,0,0.43931,0,0,0.38514,0,0,0.3517,0,0,0.38514,0,0,0.34862,0,0,0.35095,0,0,0.31299,0,0,0.42515,0,0,0.34161,0,0,0.33798,0,0
140,dart,131,0.2912,0,0,0.29559,0,0,0.31015,0,0,0.28985,0,0,0.27259,0,0,0.28381,0,0,0.30147,0,0,0.29976,0,0,0.38441,0,0,0.28764,0,0,0.32071,0,0,0.281,0,0,0.33015,0,0,0.30899,0,0,0.32185,0,0,0.32143,0,0,0.3334,0,0,0.38496,0,0,0.30478,0,0,0.30019,0,0,0.30064,0,0,0.28205,0,0,0.29144,0,0,0.31472,0,0,0.38842,0,0
141,dart,216,0.31356,0,0,0.42882,0,0,0.32309,0,0,0.34356,0,0,0.4339,0,0,0.32207,0,0,0.06004,0,0,0.51249,0,0,0.44323,0,0,0.43163,0,0,0.40134,0,0,0.39205,0,0,0.29622,0,0,0.42753,0,0,0.32603,0,0,0.5231,0,0,0.3074,0,0,0.39455,0,0,0.05639,0,0,0.39256,0,0,0.37193,0,0,0.43912,0,0,0.39261,0,0,0.51434,0,0,0.32251,0,0
142,dart,59,0.34349,0,0,0.31495,0,0,0.29517,0,0,0.26456,0,0,0.32128,0,0,0.28335,0,0,0.38608,0,0,0.2632,0,0,0.30569,0,0,0.32613,0,0,0.2892,0,0,0.38897,0,0,0.30176,0,0,0.29872,0,0,0.29846,0,0,0.32309,0,0,0.32539,0,0,0.32626,0,0,0.32263,0,0,0.33159,0,0,0.27809,0,0,0.30127,0,0,0.29734,0,0,0.31672,0,0,0.34767,0,0
143,dart,159,0.32148,0,0,0.30085,0,0,0.3373,0,0,0.06307,0,0,0.28052,0,0,0.4068,0,0,0.07375,0,0,0.3367,0,0,0.32175,0,0,0.31383,0,0,0.40631,0,0,0.41378,0,0,0.40464,0,0,0.34226,0,0,0.32549,0,0,0.39965,0,0,0.30288,0,0,0.40626,0,0,0.30071,0,0,0.30583,0,0,0.31848,0,0,0.28708,0,0,0.36313,0,0,0.29295,0,0,0.31899,0,0
144,dart,196,0.34371,0,0,0.35941,0,0,0.36161,0,0,0.32015,0,0,0.29014,0,0,0.33268,0,0,0.33638,0,0,0.36734,0,0,0.2921,0,0,0.33956,0,0,0.3187,0,0,0.33888,0,0,0.39705,0,0,0.32856,0,0,0.33065,0,0,0.3547,0,0,0.34481,0,0,0.27372,0,0,0.30657,0,0,0.33114,0,0,0.37061,0,0,0.36084,0,0,0.30044,0,0,0.36359,0,0,0.40259,0,0
145,dart,703,0.37979,0,0,0.42509,0,0,0.3508,0,0,0.37237,0,0,0.3474,0,0,0.4284,0,0,0.34083,0,0,0.32418,0,0,0.32136,0,0,0.05795,0,0,0.42441,0,0,0.31954,0,0,0.34166,0,0,0.35433,0,0,0.4051,0,0,0.06357,0,0,0.08361,0,0,0.37089,0,0,0.35505,0,0,0.09161,0,0,0.31815,0,0,0.32757,0,0,0.37588,0,0,0.37483,0,0,0.35225,0,0
146,dart,354,0.40508,0,0,0.30795,0,0,0.29546,0,0,0.04371,0,0,0.39949,0,0,0.2809,0,0,0.40052,0,0,0.3006,0,0,0.31498,0,0,0.32048,0,0,0.07318,0,0,0.29674,0,0,0.0566,0,0,0.32425,0,0,0.39709,0,0,0.30694,0,0,0.35445,0,0,0.30239,0,0,0.33402,0,0,0.29487,0,0,0.35211,0,0,0.36437,0,0,0.37549,0,0,0.36987,0,0,0.30386,0,0
147,dart,224,0.41292,0,0,0.31761,0,0,0.3807,0,0,0.34112,0,0,0.39989,0,0,0.04759,0,0,0.36594,0,0,0.40127,0,0,0.31757,0,0,0.32727,0,0,0.31828,0,0,0.29929,0,0,0.2772,0,0,0.29541,0,0,0.34098,0,0,0.34418,0,0,0.29035,0,0,0.36597,0,0,0.36079,0,0,0.30339,0,0,0.40931,0,0,0.31256,0,0,0.35564,0,0,0.41221,0,0,0.31421,0,0
148,dart,727,0.36668,0,0,0.03909,0,0,0.30707,0,0,0.31171,0,0,0.30303,0,0,0.28567,0,0,0.36998,0,0,0.31699,0,0,0.3029,0,0,0.3369,0,0,0.29734,0,0,0.33418,0,0,0.30074,0,0,0.28655,0,0,0.07268,0,0,0.35846,0,0,0.31903,0,0,0.40667,0,0,0.03993,0,0,0.30105,0,0,0.34295,0,0,0.07273,0,0,0.32371,0,0,0.31968,0,0,0.36181,0,0
149,dart,663,0.31065,0,0,0.02246,0,0,0.34055,0,0,0.28182,0,0,0.29299,0,0,0.26696,0,0,0.04103,0,0,0.33547,0,0,0.32242,0,0,0.2965,0,0,0.28372,0,0,0.35897,0,0,0.3584,0,0,0.33339,0,0,0.29502,0,0,0.31917,0,0,0.29771,0,0,0.29606,0,0,0.33438,0,0,0.33953,0,0,0.28837,0,0,0.29296,0,0,0.31095,0,0,0.29401,0,0,0.03292,0,0
150,dart,1019,0.4094,0,0,0.4015,0,0,0.4294,0,0,0.35097,0,0,0.36923,0,0,0.53906,0,0,0.53752,0,0,0.48169,0,0,0.54074,0,0,0.4205,0,0,0.36831,0,0,0.55487,0,0,0.38235,0,0,0.54557,0,0,0.48651,0,0,0.42328,0,0,0.40016,0,0,0.47724,0,0,0.49086,0,0,0.48549,0,0,0.42389,0,0,0.5419,0,0,0.53477,0,0,0.39438,0,0,0.41931,0,0
151,dart,109,0.39219,0,0,0.29763,0,0,0.2966,0,0,0.34658,0,0,0.29532,0,0,0.32159,0,0,0.34747,0,0,0.29448,0,0,0.33412,0,0,0.32574,0,0,0.32955,0,0,0.34262,0,0,0.29687,0,0,0.32557,0,0,0.34556,0,0,0.38837,0,0,0.32782,0,0,0.28481,0,0,0.32754,0,0,0.3026,0,0,0.32463,0,0,0.31261,0,0,0.32593,0,0,0.31988,0,0,0.34698,0,0
152,dart,270,0.30814,0,0,0.3781,0,0,0.31063,0,0,0.29669,0,0,0.40836,0,0,0.31851,0,0,0.05121,0,0,0.27464,0,0,0.40075,0,0,0.33325,0,0,0.1031,0,0,0.2974,0,0,0.33478,0,0,0.06868,0,0,0.29595,0,0,0.30883,0,0,0.42322,0,0,0.32635,0,0,0.35721,0,0,0.32799,0,0,0.08577,0,0,0.32338,0,0,0.30082,0,0,0.36739,0,0,0.33936,0,0
153,dart,296,0.30965,0,0,0.31419,0,0,0.30442,0,0,0.36961,0,0,0.35126,0,0,0.33685,0,0,0.32349,0,0,0.32489,0,0,0.36895,0,0,0.41127,0,0,0.338,0,0,0.33438,0,0,0.31899,0,0,0.28028,0,0,0.34441,0,0,0.4179,0,0,0.34204,0,0,0.36292,0,0,0.36251,0,0,0.40949,0,0,0.327,0,0,0.40726,0,0,0.33795,0,0,0.32134,0,0,0.41156,0,0
154,dart,374,0.31869,0,0,0.35284,0,0,0.28434,0,0,0.34778,0,0,0.32609,0,0,0.38396,0,0,0.35783,0,0,0.36057,0,0,0.40769,0,0,0.36517,0,0,0.2997,0,0,0.33305,0,0,0.32506,0,0,0.32746,0,0,0.39594,0,0,0.46181,0,0,0.3782,0,0,0.31731,0,0,0.3236,0,0,0.40826,0,0,0.29362,0,0,0.29534,0,0,0.29192,0,0,0.34855,0,0,0.35537,0,0
155,dart,323,0.42063,0,0,0.41681,0,0,0.3435,0,0,0.38504,0,0,0.41511,0,0,0.32167,0,0,0.34955,0,0,0.35697,0,0,0.36033,0,0,0.10271,0,0,0.35462,0,0,0.40894,0,0,0.32487,0,0,0.33596,0,0,0.35374,0,0,0.35582,0,0,0.38299,0,0,0.3315,0,0,0.38393,0,0,0.32175,0,0,0.35038,0,0,0.34432,0,0,0.38074,0,0,0.35172,0,0,0.37286,0,0
156,dart,194,0.3094,0,0,0.33505,0,0,0.33527,0,0,0.30982,0,0,0.0618,0,0,0.37763,0,0,0.3015,0,0,0.34222,0,0,0.3214,0,0,0.33162,0,0,0.39072,0,0,0.33175,0,0,0.35376,0,0,0.30095,0,0,0.33724,0,0,0.37858,0,0,0.32792,0,0,0.30589,0,0,0.29642,0,0,0.3379,0,0,0.28618,0,0,0.32058,0,0,0.35062,0,0,0.35188,0,0,0.30248,0,0
157,dart,426,0.32797,0,0,0.36802,0,0,0.38302,0,0,0.32437,0,0,0.39928,0,0,0.3884,0,0,0.31847,0,0,0.3484,0,0,0.3637,0,0,0.38554,0,0,0.38167,0,0,0.37762,0,0,0.38991,0,0,0.43028,0,0,0.38834,0,0,0.37496,0,0,0.39093,0,0,0.36966,0,0,0.37275,0,0,0.38327,0,0,0.33785,0,0,0.35006,0,0,0.37937,0,0,0.32482,0,0,0.38616,0,0
158,dart,434,0.34952,0,0,0.35058,0,0,0.30752,0,0,0.36349,0,0,0.36687,0,0,0.34777,0,0,0.34772,0,0,0.32791,0,0,0.31424,0,0,0.35727,0,0,0.36176,0,0,0.28787,0,0,0.30113,0,0,0.34873,0,0,0.33654,0,0,0.34478,0,0,0.34845,0,0,0.33386,0,0,0.33493,0,0,0.32034,0,0,0.335,0,0,0.34838,0,0,0.31127,0,0,0.35091,0,0,0.35239,0,0
159,dart,865,0.41321,0,0,0.48207,0,0,0.17027,0,0,0.40653,0,0,0.43857,0,0,0.44388,0,0,0.41438,0,0,0.3852,0,0,0.38637,0,0,0.45411,0,0,0.4287,0,0,0.39183,0,0,0.41174,0,0,0.38234,0,0,0.40176,0,0,0.31675,0,0,0.35939,0,0,0.38831,0,0,0.42476,0,0,0.40448,0,0,0.3845,0,0,0.37083,0,0,0.43764,0,0,0.41552,0,0,0.43018,0,0
160,dart,263,0.31827,0,0,0.39662,0,0,0.27941,0,0,0.39667,0,0,0.35734,0,0,0.31665,0,0,0.30588,0,0,0.33546,0,0,0.31234,0,0,0.33459,0,0,0.33344,0,0,0.30753,0,0,0.30846,0,0,0.29039,0,0,0.35488,0,0,0.33526,0,0,0.29376,0,0,0.29427,0,0,0.29965,0,0,0.3599,0,0,0.30171,0,0,0.40104,0,0,0.33324,0,0,0.35685,0,0,0.29806,0,0
161,dart,20,0.32329,0,0,0.32865,0,0,0.35764,0,0,0.32549,0,0,0.31896,0,0,0.34751,0,0,0.26169,0,0,0.32429,0,0,0.3442,0,0,0.2906,0,0,0.34191,0,0,0.32266,0,0,0.3011,0,0,0.30142,0,0,0.26337,0,0,0.34597,0,0,0.32449,0,0,0.32178,0,0,0.3014,0,0,0.34309,0,0,0.32323,0,0,0.38613,0,0,0.32284,0,0,0.2984,0,0,0.30127,0,0
162,dart,146,0.39422,0,0,0.34442,0,0,0.35584,0,0,0.39478,0,0,0.32114,0,0,0.34751,0,0,0.39235,0,0,0.32743,0,0,0.39364,0,0,0.36322,0,0,0.3475,0,0,0.33578,0,0,0.31733,0,0,0.35073,0,0,0.32926,0,0,0.29766,0,0,0.35605,0,0,0.43603,0,0,0.39237,0,0,0.35353,0,0,0.43528,0,0,0.39663,0,0,0.3672,0,0,0.35186,0,0,0.35924,0,0
163,dart,165,0.3047,0,0,0.30283,0,0,0.40215,0,0,0.2769,0,0,0.35605,0,0,0.30405,0,0,0.30001,0,0,0.29979,0,0,0.30836,0,0,0.35289,0,0,0.28779,0,0,0.31152,0,0,0.35259,0,0,0.31297,0,0,0.32792,0,0,0.35447,0,0,0.30075,0,0,0.32996,0,0,0.28278,0,0,0.35301,0,0,0.34861,0,0,0.36002,0,0,0.39925,0,0,0.31383,0,0,0.35321,0,0
164,dart,393,0.36259,0,0,0.05712,0,0,0.32801,0,0,0.31231,0,0,0.31911,0,0,0.33756,0,0,0.09889,0,0,0.31269,0,0,0.35622,0,0,0.318,0,0,0.29302,0,0,0.40308,0,0,0.12176,0,0,0.34053,0,0,0.29307,0,0,0.31021,0,0,0.35945,0,0,0.31506,0,0,0.30439,0,0,0.06414,0,0,0.40276,0,0,0.35933,0,0,0.28921,0,0,0.33605,0,0,0.28982,0,0
