problem_id,language,reference_length,cand_1_codebleu,cand_1_compile,cand_1_pass,cand_2_codebleu,cand_2_compile,cand_2_pass
0,dart,243,0.32864,0,0,0.34989,0,0
1,dart,327,0.71096,0,0,0.62076,0,0
2,dart,90,0.5443,0,0,0.50964,0,0
3,dart,262,0.4794,0,0,0.70098,1,1
4,dart,147,0.59179,1,1,0.72197,1,1
5,dart,117,0.42173,0,0,0.52173,0,0
6,dart,69,0.41141,1,1,0.84603,1,1
7,dart,152,0.51037,1,1,0.45904,1,1
8,dart,197,0.32479,0,0,0.5929,1,1
9,dart,963,0.62006,0,0,0.7125,1,1
10,dart,91,0.61023,0,0,0.43711,0,0
11,dart,271,0.59386,0,0,0.58268,0,0
12,dart,275,0.41161,1,0,0.48487,0,0
13,dart,229,0.51432,1,1,0.47904,0,0
14,dart,250,0.62216,0,0,0.52079,0,0
15,dart,252,0.50286,0,0,0.67158,1,1
16,dart,1164,0.58215,1,1,0.57988,0,0
17,dart,88,0.29021,0,0,0.78152,1,1
18,dart,123,0.36395,1,1,0.63827,1,1
19,dart,71,0.60991,1,1,0.2914,0,0
20,dart,88,0.34651,0,0,0.34708,0,0
21,dart,88,0.56979,1,1,0.54646,1,1
22,dart,78,0.34,1,0,0.50539,1,1
23,dart,220,0.07037,0,0,0.6291,1,1
24,dart,132,0.33994,0,0,0.42406,0,0
25,dart,559,0.48589,0,0,0.60686,1,1
26,dart,67,0.76951,1,1,0.37801,1,1
27,dart,988,0.65027,0,0,0.5935,1,1
28,dart,78,0.53708,1,1,0.66418,1,0
29,dart,402,0.6177,1,1,0.12716,0,0
30,dart,88,0.58891,1,1,0.63375,1,1
31,dart,85,0.4447,1,1,0.71535,1,1
32,dart,255,0.68878,0,0,0.47704,0,0
33,dart,246,0.5458,1,0,0.65435,0,0
34,dart,381,0.42508,0,0,0.67345,0,0
35,dart,166,0.38337,1,1,0.31899,0,0
36,dart,324,0.49082,0,0,0.30658,0,0
37,dart,82,0.31176,0,0,0.44767,0,0
38,dart,76,0.82414,0,0,0.65017,0,0
39,dart,76,0.60957,0,0,0.44437,0,0
40,dart,69,0.32555,0,0,0.40491,0,0
41,dart,708,0.65004,0,0,0.58459,0,0
42,dart,200,0.54471,0,0,0.6922,0,0
43,dart,942,0.35959,0,0,0.51039,0,0
44,dart,287,0.45313,0,0,0.60184,0,0
45,dart,965,0.61905,1,1,0.71667,1,1
46,dart,104,0.08723,1,1,0.05331,0,0
47,dart,345,0.41,0,0,0.50507,0,0
48,dart,2546,0.63648,0,0,0.65888,0,0
49,dart,329,0.44783,0,0,0.62176,1,1
50,dart,80,0.27812,0,0,0.43381,0,0
51,dart,439,0.31115,0,0,0.36848,0,0
52,dart,1353,0.51781,1,1,0.59133,1,1
53,dart,219,0.71075,1,0,0.76821,0,0
54,dart,237,0.48375,0,0,0.35567,0,0
55,dart,1486,0.59286,1,1,0.56167,0,0
56,dart,1112,0.60383,1,1,0.55898,0,0
57,dart,493,0.33172,0,0,0.57429,0,0
58,dart,780,0.61351,0,0,0.38951,0,0
59,dart,214,0.48068,0,0,0.58541,1,1
60,dart,730,0.61114,0,0,0.75894,0,0
61,dart,485,0.57845,0,0,0.64815,1,1
62,dart,484,0.62905,1,1,0.66229,1,1
63,dart,43,0.40611,1,1,0.32823,1,1
64,dart,43,0.45899,1,0,0.27622,0,0
65,dart,419,0.72372,1,0,0.56628,0,0
66,dart,691,0.4827,0,0,0.48433,0,0
67,dart,1238,0.62222,0,0,0.56178,1,0
68,dart,1173,0.54781,0,0,0.60557,0,0
69,dart,1076,0.64418,1,1,0.65251,1,1
70,dart,3076,0.69419,0,0,0.52122,0,0
71,dart,435,0.59596,1,1,0.51069,0,0
72,dart,874,0.59348,0,0,0.58077,1,0
73,dart,2146,0.58507,0,0,0.46567,0,0
74,dart,515,0.36642,0,0,0.57709,1,1
75,dart,933,0.54777,0,0,0.68478,1,0
76,dart,86,0.50888,0,0,0.81399,0,0
77,dart,86,0.29892,0,0,0.44155,0,0
78,dart,265,0.52735,0,0,0.62603,0,0
79,dart,432,0.62439,0,0,0.59672,0,0
80,dart,101,0.50123,0,0,0.41622,0,0
81,dart,147,0.35747,0,0,0.37119,0,0
82,dart,4338,0.67089,0,0,0.64266,0,0
83,dart,5416,0.59139,0,0,0.65,0,0
84,dart,366,0.37928,0,0,0.35716,0,0
85,dart,637,0.58758,0,0,0.12604,0,0
86,dart,21,0.26988,0,0,0.28627,0,0
87,dart,121,0.02438,0,0,0.02787,0,0
88,dart,305,0.34964,0,0,0.48004,1,1
89,dart,528,0.70974,1,1,0.5517,0,0
90,dart,479,0.64244,0,0,0.64208,0,0
91,dart,365,0.71097,0,0,0.74259,0,0
92,dart,148,0.595,1,1,0.56835,1,1
93,dart,182,0.3944,0,0,0.39318,1,0
94,dart,685,0.69335,1,0,0.41167,1,0
95,dart,1878,0.63106,1,1,0.66186,1,1
96,dart,366,0.55157,0,0,0.33369,0,0
97,dart,358,0.58456,0,0,0.66696,0,0
98,dart,99,0.43923,0,0,0.3042,0,0
99,dart,1024,0.6565,0,0,0.55107,0,0
100,dart,632,0.53117,1,1,0.40193,0,0
101,dart,131,0.42398,0,0,0.2849,0,0
102,dart,216,0.54446,1,1,0.29141,0,0
103,dart,59,0.0191,0,0,0.27229,0,0
104,dart,159,0.50969,1,1,0.74316,0,0
105,dart,196,0.74276,0,0,0.55919,0,0
106,dart,703,0.74933,0,0,0.71959,0,0
107,dart,354,0.45467,0,0,0.61653,0,0
108,dart,224,0.56646,0,0,0.59302,0,0
109,dart,727,0.63038,0,0,0.53767,0,0
110,dart,663,0.67254,1,1,0.63011,0,0
111,dart,1019,0.5189,0,0,0.7175,1,1
112,dart,109,0.45679,0,0,0.51461,0,0
113,dart,270,0.66511,1,1,0.5577,0,0
114,dart,296,0.47811,0,0,0.61106,1,1
115,dart,374,0.58336,0,0,0.60805,0,0
116,dart,323,0.50533,0,0,0.66915,0,0
117,dart,194,0.44641,0,0,0.62584,0,0
118,dart,426,0.35896,0,0,0.36593,0,0
119,dart,434,0.68077,0,0,0.61408,0,0
120,dart,865,0.52898,0,0,0.63497,0,0
121,dart,263,0.43135,0,0,0.35356,0,0
122,dart,20,0.30551,0,0,0.29697,0,0
123,dart,146,0.45239,1,1,0.50555,0,0
124,dart,165,0.47155,1,1,0.30756,0,0
125,dart,393,0.68121,1,1,0.68699,0,0
